time,temperature,gas,humidity,pressure,altitude,pm10standard,pm25standard,pm100standard,pm10env,pm25env,pm100 env,p03um,p05um,p10um,p25um,p50um,p100um
Wed Feb 18 15:50:19 2026,29.126875,64261,100,702.8021413906823,2981.2681602637194,0,0,0,0,0,0,102,22,9,1,0,0
Wed Feb 18 15:50:20 2026,18.7596875,9928,35.83856978800656,1003.2701527208167,83.42235211596805,0,0,0,0,0,0,102,22,9,1,0,0
Wed Feb 18 15:50:21 2026,18.8096875,15350,35.79755868298063,1003.280644874355,83.33429521856351,0,0,0,0,0,0,96,20,8,1,0,0
Wed Feb 18 15:50:22 2026,18.867890625,21001,35.717224573944236,1003.2961030496446,83.20456163273049,0,0,0,0,0,0,96,20,8,1,0,0
Wed Feb 18 15:50:23 2026,18.92296875,26835,35.63088786274231,1003.2994822281906,83.17620190660361,0,0,0,0,0,0,96,20,8,1,0,0
Wed Feb 18 15:50:24 2026,18.9712109375,32494,35.52674743769966,1003.3053088037195,83.12730260454609,0,0,0,0,0,0,117,26,6,0,0,0
Wed Feb 18 15:50:26 2026,19.0145703125,37695,35.42219195147544,1003.3099307010015,83.08851368002499,0,0,0,0,0,0,117,26,6,0,0,0
Wed Feb 18 15:50:27 2026,19.04953125,42904,35.33404100769316,1003.312697096259,83.06529698558407,0,0,0,0,0,0,117,26,6,0,0,0
Wed Feb 18 15:50:28 2026,19.078828125,47659,35.233955626087,1003.3164167543163,83.03408021051062,0,0,0,0,0,0,111,24,5,0,0,0
Wed Feb 18 15:50:29 2026,19.09953125,52335,35.13310203558085,1003.316240265938,83.03556136551154,0,0,0,0,0,0,111,24,5,0,0,0
Wed Feb 18 15:50:30 2026,19.1161328125,56615,35.060459283054804,1003.3230550507628,82.97836935275117,0,0,0,0,0,0,111,24,5,0,0,0
Wed Feb 18 15:50:31 2026,19.13,60897,34.970467263537856,1003.3236176614816,82.97364774459551,0,0,0,0,0,0,117,27,5,0,0,0
Wed Feb 18 15:50:32 2026,19.14171875,64808,34.914539208437844,1003.3206217172738,82.99879068629131,0,0,0,0,0,0,117,27,5,0,0,0
Wed Feb 18 15:50:33 2026,19.1505078125,68576,34.8355445019366,1003.3213899898203,82.99234308651448,0,0,0,0,0,0,117,27,5,0,0,0
Wed Feb 18 15:50:34 2026,19.15578125,72243,34.77334920429115,1003.3146130542535,83.04921753087056,0,0,0,0,0,0,153,34,3,0,0,0
Wed Feb 18 15:50:35 2026,19.160859375,75636,34.72255313077409,1003.3144056102141,83.05095847965015,0,0,0,0,0,0,153,34,3,0,0,0
Wed Feb 18 15:50:36 2026,19.171796875,78618,34.68372082282926,1003.3135607189744,83.05804912927802,0,0,0,0,0,0,153,34,3,0,0,0
Wed Feb 18 15:50:37 2026,19.1815625,82005,34.639091953967835,1003.3176681604945,83.02357795836008,0,0,0,0,0,0,159,37,4,0,0,0
Wed Feb 18 15:50:38 2026,19.194453125,84915,34.6061565330754,1003.3235031337989,82.9746088971762,0,0,0,0,0,0,159,37,4,0,0,0
Wed Feb 18 15:50:39 2026,19.199921875,87671,34.561140442858516,1003.3256650803795,82.95646517187708,0,0,0,0,0,0,159,37,4,0,0,0
Wed Feb 18 15:50:40 2026,19.2005078125,90318,34.52136391590483,1003.321465133746,82.99171245381383,0,0,0,0,0,0,153,38,5,0,0,0
Wed Feb 18 15:50:41 2026,19.201484375,93756,34.498699940750825,1003.3248055666746,82.9636784733016,0,0,0,0,0,0,153,38,5,0,0,0
Wed Feb 18 15:50:42 2026,19.20109375,95574,34.47022220015514,1003.3258821430703,82.95464351629305,0,0,0,0,0,0,153,38,5,0,0,0
Wed Feb 18 15:50:43 2026,19.199140625,96431,34.44160214161836,1003.3157545056903,83.03963804421063,0,0,0,0,0,0,156,40,6,0,0,0
Wed Feb 18 15:50:44 2026,19.1985546875,99525,34.413116930278896,1003.3182310581859,83.01885392130193,0,0,0,0,0,0,156,40,6,0,0,0
Wed Feb 18 15:50:45 2026,19.19953125,100601,34.39615388677555,1003.3232948730732,82.97635668736008,0,0,0,0,0,0,156,40,6,0,0,0
Wed Feb 18 15:50:46 2026,19.199140625,103204,34.38474785530695,1003.3209246681507,82.99624822088573,0,0,0,0,0,0,156,40,5,0,0,0
Wed Feb 18 15:50:47 2026,19.199921875,104950,34.350719356264065,1003.3239416903998,82.97092839179047,0,0,0,0,0,0,156,40,5,0,0,0
Wed Feb 18 15:50:48 2026,19.199921875,107029,34.33935365561417,1003.3256650803795,82.95646517187708,0,0,0,0,0,0,156,40,5,0,0,0
Wed Feb 18 15:50:49 2026,19.2001171875,109620,34.32232513972672,1003.3156481481893,83.04053063569523,0,0,0,0,0,0,159,42,5,0,0,0
Wed Feb 18 15:50:50 2026,19.19953125,110780,34.29954368322805,1003.3181247070413,83.01974645765947,0,0,0,0,0,0,159,42,5,0,0,0
Wed Feb 18 15:50:51 2026,19.1969921875,113252,34.2822621017754,1003.312197036811,83.06949368045949,0,0,0,0,0,0,159,42,5,0,0,0
Wed Feb 18 15:50:52 2026,19.1954296875,114569,34.27643459721681,1003.3096097889018,83.09120690595962,0,0,0,0,0,0,165,44,5,0,0,0
Wed Feb 18 15:50:53 2026,19.199921875,115517,34.254138401963566,1003.310154574589,83.08663484149233,0,0,0,0,0,0,165,44,5,0,0,0
Wed Feb 18 15:50:54 2026,19.203046875,117544,34.24307415462315,1003.3067120614155,83.11552585481888,0,0,0,0,0,0,165,44,5,0,0,0
Wed Feb 18 15:50:55 2026,19.209296875,119302,34.2266261277651,1003.3049970468743,83.12991900557839,0,1,1,0,1,1,153,39,7,3,1,0
Wed Feb 18 15:50:56 2026,19.218671875,120590,34.216151546017244,1003.3153499277868,83.04303341203097,0,1,1,0,1,1,153,39,7,3,1,0
Wed Feb 18 15:50:57 2026,19.222578125,122621,34.19948544498412,1003.3114772169952,83.07553469343736,0,1,1,0,1,1,153,39,7,3,1,0
Wed Feb 18 15:50:58 2026,19.222578125,123343,34.17677703563061,1003.3045834209188,83.13339033815468,0,1,1,0,1,1,177,44,7,3,1,0
Wed Feb 18 15:50:59 2026,19.2216015625,125751,34.153980346495004,1003.3046898962931,83.13249674945172,0,1,1,0,1,1,177,44,7,3,1,0
Wed Feb 18 15:51:00 2026,19.2184765625,125940,34.13666051837846,1003.2995155859938,83.175921951921,0,1,1,0,1,1,177,44,7,3,1,0
Wed Feb 18 15:51:01 2026,19.215546875,127473,34.130710490548374,1003.2981115359746,83.18770541960846,0,1,1,0,1,1,168,43,7,3,1,0
Wed Feb 18 15:51:02 2026,19.212421875,128945,34.13041713719237,1003.2981074864286,83.18773940537862,0,1,1,0,1,1,168,43,7,3,1,0
Wed Feb 18 15:51:03 2026,19.2083203125,131994,34.113008810023786,1003.2982098186764,83.18688058314743,0,1,1,0,1,1,168,43,7,3,1,0
Wed Feb 18 15:51:04 2026,19.2040234375,131476,34.09558443939498,1003.3014354741906,83.15980934205892,0,1,1,0,1,1,138,37,7,4,1,0
Wed Feb 18 15:51:05 2026,19.19953125,132306,34.09516314376856,1003.295720665867,83.20777079007989,0,1,1,0,1,1,138,37,7,4,1,0
Wed Feb 18 15:51:06 2026,19.19640625,133573,34.08352388250091,1003.2957164052423,83.20780654739653,0,1,1,0,1,1,138,37,7,4,1,0
Wed Feb 18 15:51:07 2026,19.194453125,137295,34.066323169532104,1003.2993758894147,83.17709435266421,0,1,1,0,1,1,138,37,6,4,1,0
Wed Feb 18 15:51:08 2026,19.1919140625,135628,34.08310273552933,1003.2951716524112,83.21237838938697,0,1,1,0,1,1,138,37,6,4,1,0
Wed Feb 18 15:51:09 2026,19.18859375,136958,34.07144633180444,1003.294843884766,83.21512918264374,0,1,1,0,1,1,138,37,6,4,1,0
Wed Feb 18 15:51:10 2026,19.1856640625,138201,34.06549956041015,1003.298609581978,83.18352557483459,0,1,1,0,1,1,144,39,6,4,1,0
Wed Feb 18 15:51:11 2026,19.18390625,138774,34.06533484753394,1003.2991456200543,83.17902688395009,0,1,1,0,1,1,144,39,6,4,1,0
Wed Feb 18 15:51:12 2026,19.1815625,139700,34.04810007069363,1003.2987114185402,83.18267091298546,0,1,1,0,1,1,144,39,6,4,1,0
Wed Feb 18 15:51:13 2026,19.1815625,140756,34.042428780655314,1003.2883713831773,83.26944986624808,0,1,1,0,1,1,153,40,5,4,1,0
Wed Feb 18 15:51:14 2026,19.181953125,142070,34.048136657335284,1003.2890181919779,83.26402148924043,0,1,1,0,1,1,153,40,5,4,1,0
Wed Feb 18 15:51:15 2026,19.1829296875,143040,34.03121484879089,1003.287188529372,83.27937703658864,0,1,1,0,1,1,153,40,5,4,1,0
Wed Feb 18 15:51:16 2026,19.1821484375,143408,34.02547105459711,1003.2824482352771,83.31916032950288,0,1,1,0,1,1,168,45,6,4,1,0
Wed Feb 18 15:51:17 2026,19.18390625,143900,34.025635606162936,1003.2784654783756,83.35258604929744,0,1,1,0,1,1,168,45,6,4,1,0
Wed Feb 18 15:51:18 2026,19.18625,145399,34.03719663510157,1003.2840696362666,83.3055525763989,0,1,1,0,1,1,168,45,6,4,1,0
Wed Feb 18 15:51:19 2026,19.18703125,146544,34.03726979195987,1003.2767464769905,83.3670129882881,0,1,1,0,1,1,192,45,6,4,1,0
Wed Feb 18 15:51:20 2026,19.188203125,146930,34.037379528351266,1003.2804102256792,83.33626453294457,0,1,1,0,1,1,192,45,6,4,1,0
Wed Feb 18 15:51:21 2026,19.1887890625,148099,34.04877694739846,1003.2796570664979,83.34258550531996,0,1,1,0,1,1,192,45,6,4,1,0
Wed Feb 18 15:51:22 2026,19.189765625,149021,34.043197025495516,1003.2726572620663,83.40133232799853,0,1,1,0,1,1,201,48,6,4,1,0
Wed Feb 18 15:51:23 2026,19.1907421875,149287,34.04895989569853,1003.279444331999,83.3443709040086,0,1,1,0,1,1,201,48,6,4,1,0
Wed Feb 18 15:51:24 2026,19.1907421875,149955,34.05463151955569,1003.2777209693807,83.35883443380678,0,1,1,0,1,1,201,48,6,4,1,0
Wed Feb 18 15:51:25 2026,19.1887890625,150494,34.060120360545454,1003.2779337090491,83.35704898924864,0,0,1,0,0,1,186,45,4,2,0,0
Wed Feb 18 15:51:26 2026,19.1876171875,151173,34.07702725539368,1003.2690999032882,83.43118807864056,0,0,1,0,0,1,186,45,4,2,0,0
Wed Feb 18 15:51:27 2026,19.1860546875,151721,34.08822630040975,1003.271682784141,83.4095107945059,0,0,1,0,0,1,186,45,4,2,0,0
Wed Feb 18 15:51:28 2026,19.1841015625,153108,34.08804318503143,1003.2822355690323,83.32094515134337,0,0,1,0,0,1,189,45,4,2,0,0
Wed Feb 18 15:51:29 2026,19.181953125,153248,34.09918801939017,1003.2872948520635,83.27848471673803,0,0,1,0,0,1,189,45,4,2,0,0
Wed Feb 18 15:51:30 2026,19.1790234375,154094,34.1102603283654,1003.2858904607148,83.29027116527274,0,0,1,0,0,1,189,45,4,2,0,0
Wed Feb 18 15:51:31 2026,19.1758984375,154236,34.0986202419095,1003.2927792580872,83.2324565994953,0,0,1,0,0,1,183,42,4,2,0,0
Wed Feb 18 15:51:32 2026,19.1721875,154806,34.11529289315803,1003.2935277705808,83.22617469147883,0,0,1,0,0,1,183,42,4,2,0,0
Wed Feb 18 15:51:33 2026,19.1684765625,155380,34.12061871391469,1003.2977228225877,83.19096769295152,0,0,1,0,0,1,183,42,4,2,0,0
Wed Feb 18 15:51:34 2026,19.163984375,155959,34.120197283629814,1003.2971775210556,83.19554413251142,0,0,1,0,0,1,177,41,4,1,0,0
Wed Feb 18 15:51:35 2026,19.1596875,156835,34.136816927137104,1003.2952322711158,83.21186964638015,0,0,1,0,0,1,177,41,4,1,0,0
Wed Feb 18 15:51:36 2026,19.1551953125,156835,34.14774481299964,1003.2843472046411,83.30322306072675,0,0,1,0,0,1,177,41,4,1,0,0
Wed Feb 18 15:51:37 2026,19.15109375,158617,34.13601047118014,1003.2810020551336,83.33129754097816,0,0,1,0,0,1,189,44,5,1,0,0
Wed Feb 18 15:51:38 2026,19.1473828125,159524,34.14701150128379,1003.2765804537277,83.36840636081614,0,0,1,0,0,1,189,44,5,1,0,0
Wed Feb 18 15:51:39 2026,19.1466015625,158617,34.15261311205609,1003.2804565368086,83.3358758617579,0,0,1,0,0,1,189,44,5,1,0,0
Wed Feb 18 15:51:40 2026,19.1438671875,159221,34.16370688800685,1003.2845449231929,83.30156369165482,0,0,1,0,0,1,183,42,7,1,0,0
Wed Feb 18 15:51:41 2026,19.1409375,160287,34.15775651101497,1003.2865865920572,83.28442883464952,0,0,1,0,0,1,183,42,7,1,0,0
Wed Feb 18 15:51:42 2026,19.1409375,160441,34.169107321283334,1003.2865865920572,83.28442883464952,0,0,1,0,0,1,183,42,7,1,0,0
Wed Feb 18 15:51:43 2026,19.1419140625,161368,34.174874767404816,1003.2899269205366,83.25639494161905,0,0,1,0,0,1,183,39,7,1,0,0
Wed Feb 18 15:51:45 2026,19.142890625,161836,34.16361519384654,1003.2863743098168,83.28621042774081,0,0,1,0,0,1,183,39,7,1,0,0
Wed Feb 18 15:51:46 2026,19.149921875,161680,34.16427541240563,1003.2842313389087,83.3041954734591,0,0,1,0,0,1,183,39,7,1,0,0
Wed Feb 18 15:51:47 2026,19.154609375,162306,34.17606717797202,1003.2851002331872,83.29690320864465,0,0,1,0,0,1,183,39,6,1,0,0
Wed Feb 18 15:51:48 2026,19.156171875,163096,34.15918682034848,1003.2945806276199,83.21733857140805,0,0,1,0,0,1,183,39,6,1,0,0
Wed Feb 18 15:51:49 2026,19.157734375,163734,34.18203687873155,1003.295444678232,83.21008701800176,0,0,1,0,0,1,183,39,6,1,0,0
Wed Feb 18 15:51:50 2026,19.1618359375,163255,34.16539422531583,1003.2970665466559,83.19647548468615,0,0,1,0,0,1,156,39,7,1,0,0
Wed Feb 18 15:51:51 2026,19.1696484375,163894,34.1718038298973,1003.2944933725038,83.21807086112662,0,0,1,0,0,1,156,39,7,1,0,0
Wed Feb 18 15:51:52 2026,19.1778515625,164538,34.15554709150349,1003.2925666791905,83.23424067337771,0,0,1,0,0,1,156,39,7,1,0,0
Wed Feb 18 15:51:53 2026,19.18546875,167500,34.167613916469776,1003.2965628260924,83.200702958405,0,0,1,0,0,1,141,34,8,1,0,0
Wed Feb 18 15:51:54 2026,19.19484375,166171,34.16281861426539,1003.2896824481833,83.25844668691646,0,0,1,0,0,1,141,34,8,1,0,0
Wed Feb 18 15:51:55 2026,19.2020703125,167500,34.15214592328639,1003.2947546866689,83.21587777869387,0,0,1,0,0,1,141,34,8,1,0,0
Wed Feb 18 15:51:56 2026,19.2083203125,166336,34.152732898574314,1003.286145947618,83.28812697331888,0,1,1,0,1,1,159,40,10,0,0,0
Wed Feb 18 15:51:57 2026,19.2130078125,166833,34.14749757764132,1003.2715029201553,83.41102033333806,0,1,1,0,1,1,159,40,10,0,0,0
Wed Feb 18 15:51:58 2026,19.215546875,167668,34.136385453333304,1003.280877244417,83.33234502806691,0,1,1,0,1,1,159,40,10,0,0,0
Wed Feb 18 15:51:59 2026,19.2190625,168342,34.14239075610195,1003.2763576307855,83.37027643257281,0,1,1,0,1,1,141,38,10,0,0,0
Wed Feb 18 15:52:00 2026,19.22375,169878,34.12580573535554,1003.2789485686172,83.34853165625859,0,1,1,0,1,1,141,38,10,0,0,0
Wed Feb 18 15:52:01 2026,19.23234375,169021,34.13796260550189,1003.272495890728,83.40268666309382,0,1,1,0,1,1,141,38,10,0,0,0
Wed Feb 18 15:52:02 2026,19.239765625,169021,34.13298429907933,1003.2641024634037,83.4731301045639,0,1,1,0,1,1,150,42,10,0,0,0
Wed Feb 18 15:52:03 2026,19.245234375,171619,34.13349781816564,1003.2662629531178,83.45499773650522,0,1,1,0,1,1,150,42,10,0,0,0
Wed Feb 18 15:52:04 2026,19.2505078125,169534,34.12264284618894,1003.2629294127082,83.4829751945156,0,1,1,0,1,1,150,42,10,0,0,0
Wed Feb 18 15:52:05 2026,19.256171875,171619,34.111825157172184,1003.2688601073204,83.4332006109806,0,0,0,0,0,0,150,43,9,0,0,0
Wed Feb 18 15:52:06 2026,19.2633984375,172680,34.118178200483634,1003.2739306170581,83.39064549617508,0,0,0,0,0,0,150,43,9,0,0,0
Wed Feb 18 15:52:07 2026,19.271015625,170918,34.124568376571204,1003.2744770183899,83.38605974051767,0,0,0,0,0,0,150,43,9,0,0,0
Wed Feb 18 15:52:08 2026,19.277265625,171971,34.10813060201511,1003.265865259268,83.45833546409457,0,0,0,0,0,0,138,40,8,0,0,0
Wed Feb 18 15:52:09 2026,19.285078125,174116,34.108863989584826,1003.2719053037829,83.40764326119218,0,0,0,0,0,0,138,40,8,0,0,0
Wed Feb 18 15:52:10 2026,19.2954296875,171971,34.104161121754,1003.2631888623943,83.48079770427773,0,0,0,0,0,0,138,40,8,0,0,0
Wed Feb 18 15:52:11 2026,19.3075390625,173037,34.105297953947876,1003.2556581281569,83.54400128203237,0,0,0,0,0,0,135,39,5,0,0,0
Wed Feb 18 15:52:12 2026,19.3175,171795,34.094883880367135,1003.2497408095389,83.5936641336466,0,0,0,0,0,0,135,39,5,0,0,0
Wed Feb 18 15:52:13 2026,19.32765625,174661,34.09016283230653,1003.2458699292968,83.62615177252782,0,0,0,0,0,0,135,39,5,0,0,0
Wed Feb 18 15:52:14 2026,19.3376171875,172325,34.07974934263854,1003.2468463882536,83.6179565091659,0,0,0,0,0,0,117,39,5,0,0,0
Wed Feb 18 15:52:15 2026,19.3477734375,173936,34.05800754828245,1003.2498695431889,83.59258369577948,0,0,0,0,0,0,117,39,5,0,0,0
Wed Feb 18 15:52:16 2026,19.356953125,174843,34.05886872627531,1003.2478280915836,83.60971723713277,0,0,0,0,0,0,117,39,5,0,0,0
Wed Feb 18 15:52:17 2026,19.364765625,176316,34.053928273809184,1003.2504182400432,83.5879785851873,0,0,0,0,0,0,111,36,5,0,0,0
Wed Feb 18 15:52:18 2026,19.37296875,177061,34.043351429565774,1003.2588263586946,83.51741106501538,0,0,0,0,0,0,111,36,5,0,0,0
Wed Feb 18 15:52:19 2026,19.384296875,174843,34.03306814667178,1003.2586165714804,83.51917175787717,0,0,0,0,0,0,111,36,5,0,0,0
Wed Feb 18 15:52:20 2026,19.396796875,177061,34.01722280973608,1003.2534504672105,83.56252970359252,0,0,0,0,0,0,114,36,7,0,0,0
Wed Feb 18 15:52:21 2026,19.4075390625,174843,34.0182299783062,1003.2591651956103,83.51456729015176,0,0,0,0,0,0,114,36,7,0,0,0
Wed Feb 18 15:52:22 2026,19.4184765625,177813,34.01358317186718,1003.2565830804276,83.53623836718523,0,0,0,0,0,0,114,36,7,0,0,0
Wed Feb 18 15:52:23 2026,19.4286328125,176874,33.98050481706103,1003.2630510957732,83.48195394178049,0,0,0,0,0,0,132,42,7,0,0,0
Wed Feb 18 15:52:24 2026,19.4395703125,175945,33.97018753393545,1003.25874391314,83.51810301038995,0,0,0,0,0,0,132,42,7,0,0,0
Wed Feb 18 15:52:25 2026,19.4481640625,176316,33.94831053561955,1003.2591767503868,83.51447031377037,0,0,0,0,0,0,132,42,7,0,0,0
Wed Feb 18 15:52:26 2026,19.4563671875,179336,33.937738707430974,1003.2537904855758,83.55967600073144,0,0,0,0,0,0,120,36,4,0,0,0
Wed Feb 18 15:52:27 2026,19.464375,176874,33.93281864502627,1003.2584250227768,83.520779379633,0,0,0,0,0,0,120,36,4,0,0,0
Wed Feb 18 15:52:28 2026,19.4723828125,179336,33.910891007297785,1003.25616295413,83.53976439129819,0,0,0,0,0,0,120,36,4,0,0,0
Wed Feb 18 15:52:29 2026,19.4821484375,178953,33.9004671946377,1003.2550859547076,83.54880340705738,0,0,0,0,0,0,111,32,4,0,0,0
Wed Feb 18 15:52:30 2026,19.495234375,180108,33.89035440119658,1003.2560558961549,83.54066290463678,0,0,0,0,0,0,111,32,4,0,0,0
Wed Feb 18 15:52:31 2026,19.5075390625,178191,33.88583705241019,1003.2505594165053,83.58679371773793,0,0,0,0,0,0,111,32,4,0,0,0
Wed Feb 18 15:52:32 2026,19.5169140625,180108,33.86404217167165,1003.2591795717859,83.51444663446522,0,0,0,0,0,0,147,44,7,0,0,0
Wed Feb 18 15:52:33 2026,19.524921875,182263,33.85912336331823,1003.2569154565957,83.5334488107283,0,0,0,0,0,0,147,44,7,0,0,0
Wed Feb 18 15:52:34 2026,19.529609375,181868,33.83689342941732,1003.2646738731772,83.46833442379808,0,0,0,0,0,0,147,44,7,0,0,0
Wed Feb 18 15:52:35 2026,19.5346875,178571,33.8203688872724,1003.2575603714492,83.52803619136067,0,1,1,0,1,1,171,52,8,0,0,0
Wed Feb 18 15:52:36 2026,19.5419140625,182263,33.809712111704414,1003.2557267946644,83.54342497939518,0,1,1,0,1,1,171,52,8,0,0,0
Wed Feb 18 15:52:37 2026,19.5508984375,182860,33.804885488641325,1003.2636995287411,83.47651182265874,0,1,1,0,1,1,171,52,8,0,0,0
Wed Feb 18 15:52:38 2026,19.5532421875,181670,33.788108460322796,1003.2606813493823,83.50184259410692,0,1,1,0,1,1,171,52,8,0,0,0
Wed Feb 18 15:52:39 2026,19.5565625,180886,33.77142432091949,1003.2661767337754,83.4557213500105,0,1,1,0,1,1,171,52,8,0,0,0
Wed Feb 18 15:52:40 2026,19.5622265625,183662,33.76628852451792,1003.2703781874063,83.42045984756845,0,1,1,0,1,1,171,52,8,0,0,0
Wed Feb 18 15:52:41 2026,19.56828125,182462,33.761189272225515,1003.2700529925481,83.42318910328547,0,1,1,0,1,1,183,55,12,0,0,0
Wed Feb 18 15:52:42 2026,19.5704296875,180690,33.72740887458059,1003.2684356897214,83.43676261571389,0,1,1,0,1,1,183,55,12,0,0,0
Wed Feb 18 15:52:43 2026,19.573359375,180886,33.710694365512076,1003.2646626108783,83.46842894506445,0,1,1,0,1,1,183,55,12,0,0,0
Wed Feb 18 15:52:44 2026,19.578046875,184675,33.70546901476723,1003.2603499249105,83.50462415473973,0,1,1,0,1,1,189,57,12,0,0,0
Wed Feb 18 15:52:45 2026,19.5856640625,183662,33.70617879375588,1003.2660589908429,83.45670953179608,0,1,1,0,1,1,189,57,12,0,0,0
Wed Feb 18 15:52:46 2026,19.5946484375,184066,33.69003017680972,1003.2671329214967,83.44769635133586,0,1,1,0,1,1,189,57,12,0,0,0
Wed Feb 18 15:52:47 2026,19.6044140625,182860,33.68527828593257,1003.2608771894422,83.50019895903645,0,1,1,0,1,1,198,60,12,0,0,0
Wed Feb 18 15:52:48 2026,19.6126171875,184675,33.69170420289832,1003.2572084246177,83.53098999836561,0,1,1,0,1,1,198,60,12,0,0,0
Wed Feb 18 15:52:49 2026,19.61984375,185288,33.66973143642415,1003.2553721167347,83.54640171226944,0,1,1,0,1,1,198,60,12,0,0,0
Wed Feb 18 15:52:50 2026,19.626875,185493,33.653403672195914,1003.2532123076701,83.56452852715749,0,1,1,0,1,1,189,55,9,0,0,0
Wed Feb 18 15:52:51 2026,19.6346875,185288,33.65413100398979,1003.2575187488693,83.52838551984625,0,1,1,0,1,1,189,55,9,0,0,0
Wed Feb 18 15:52:52 2026,19.6399609375,185288,33.64330100104527,1003.2576231023403,83.52750970582996,0,1,1,0,1,1,189,55,9,0,0,0
Wed Feb 18 15:52:53 2026,19.645625,185905,33.63816799244858,1003.2532000733987,83.56463120686809,0,1,1,0,1,1,180,52,8,0,0,0
Wed Feb 18 15:52:54 2026,19.6501171875,185698,33.62160649924661,1003.2571850017977,83.53118658061635,0,1,1,0,1,1,180,52,8,0,0,0
Wed Feb 18 15:52:55 2026,19.6548046875,185698,33.599405929923364,1003.2580439299984,83.52397779952634,0,1,1,0,1,1,180,52,8,0,0,0
Wed Feb 18 15:52:56 2026,19.6563671875,186111,33.58257590828885,1003.2554558920026,83.54569860502792,0,1,1,0,1,1,183,52,8,0,0,0
Wed Feb 18 15:52:57 2026,19.65890625,186526,33.577153886156864,1003.2493101022848,83.59727898128767,0,1,1,0,1,1,183,52,8,0,0,0
Wed Feb 18 15:52:58 2026,19.661640625,185698,33.56609252435949,1003.2572843341987,83.53035290702971,0,1,1,0,1,1,183,52,8,0,0,0
Wed Feb 18 15:52:59 2026,19.663984375,185698,33.54368175756964,1003.2594383140805,83.51227507459573,0,1,1,0,1,1,183,53,8,0,0,0
Wed Feb 18 15:53:00 2026,19.6676953125,185288,33.52140110818316,1003.2621301695618,83.48968302646428,0,1,1,0,1,1,183,53,8,0,0,0
Wed Feb 18 15:53:01 2026,19.6708203125,184963,33.510379749432886,1003.2604030783684,83.50417805134414,0,1,1,0,1,1,183,53,8,0,0,0
Wed Feb 18 15:53:02 2026,19.6762890625,185493,33.50523179823202,1003.2591051744646,83.51507103280385,0,0,0,0,0,0,171,44,5,0,0,0
Wed Feb 18 15:53:03 2026,19.6809765625,185288,33.488701488806335,1003.259963604946,83.50786644011467,0,0,0,0,0,0,171,44,5,0,0,0
Wed Feb 18 15:53:05 2026,19.6930859375,186526,33.46720680980315,1003.2627557199476,83.48443295059107,0,0,0,0,0,0,171,44,5,0,0,0
Wed Feb 18 15:53:06 2026,19.7016796875,186218,33.445388652393156,1003.2631790785164,83.48087981767587,0,0,0,0,0,0,144,35,4,0,0,0
Wed Feb 18 15:53:07 2026,19.707734375,186218,33.43464342538095,1003.2628499872112,83.48364179107354,0,0,0,0,0,0,144,35,4,0,0,0
Wed Feb 18 15:53:08 2026,19.7141796875,186640,33.41263016980109,1003.2631671236111,83.48098015192018,0,0,0,0,0,0,144,35,4,0,0,0
Wed Feb 18 15:53:09 2026,19.71984375,185484,33.40750257253465,1003.2604665306737,83.50364551237504,0,0,0,0,0,0,147,36,5,0,0,0
Wed Feb 18 15:53:10 2026,19.7227734375,186534,33.40212189523959,1003.2618649204924,83.49190919124503,0,0,0,0,0,0,147,36,5,0,0,0
Wed Feb 18 15:53:11 2026,19.723359375,186534,33.39087283737541,1003.2593849551865,83.51272290251175,0,0,0,0,0,0,147,36,5,0,0,0
Wed Feb 18 15:53:12 2026,19.723359375,187490,33.379570389807604,1003.2593849551865,83.51272290251175,0,0,0,0,0,0,147,36,1,0,0,0
Wed Feb 18 15:53:13 2026,19.72375,186428,33.35135416640183,1003.254857015319,83.55072484525593,0,0,0,0,0,0,147,36,1,0,0,0
Wed Feb 18 15:53:14 2026,19.72375,187704,33.362654468177965,1003.2634808956273,83.47834674978616,0,0,0,0,0,0,147,36,1,0,0,0
Wed Feb 18 15:53:15 2026,19.7227734375,187277,33.339964445948304,1003.2601401469038,83.5063847681617,0,0,0,0,0,0,150,37,2,0,0,0
Wed Feb 18 15:53:16 2026,19.72140625,187277,33.322890602980806,1003.2561530169826,83.53984779152245,0,0,0,0,0,0,150,37,2,0,0,0
Wed Feb 18 15:53:17 2026,19.71828125,187490,33.31695315661479,1003.2527066828272,83.56877213273162,0,0,0,0,0,0,150,37,2,0,0,0
Wed Feb 18 15:53:18 2026,19.7157421875,186958,33.29412614558147,1003.2450556582917,83.63298582336883,0,0,0,0,0,0,138,32,2,0,0,0
Wed Feb 18 15:53:19 2026,19.71203125,187170,33.2881359756599,1003.2475387290018,83.61214580826012,0,0,0,0,0,0,138,32,2,0,0,0
Wed Feb 18 15:53:20 2026,19.7083203125,186640,33.29344085800313,1003.2482969758094,83.6057819724693,0,0,0,0,0,0,138,32,2,0,0,0
Wed Feb 18 15:53:21 2026,19.70421875,189540,33.2817675475945,1003.2501334808683,83.59036851569725,0,0,0,0,0,0,171,41,3,0,0,0
Wed Feb 18 15:53:22 2026,19.69953125,187918,33.27004126358357,1003.2492755760182,83.59756875401385,0,0,0,0,0,0,171,41,3,0,0,0
Wed Feb 18 15:53:23 2026,19.6954296875,187918,33.26966282095344,1003.2407636894527,83.66900772948861,0,0,0,0,0,0,171,41,3,0,0,0
Wed Feb 18 15:53:24 2026,19.6919140625,187811,33.252399911572404,1003.240120190874,83.67440853560325,0,0,0,0,0,0,180,43,7,0,0,0
Wed Feb 18 15:53:25 2026,19.6878125,189213,33.25202165787808,1003.2367823628547,83.70242256942007,0,0,0,0,0,0,180,43,7,0,0,0
Wed Feb 18 15:53:26 2026,19.6841015625,188996,33.26297138558944,1003.2409895814122,83.66711184612565,0,0,0,0,0,0,180,43,7,0,0,0
Wed Feb 18 15:53:27 2026,19.685859375,189322,33.24055041587409,1003.2404490591999,83.67164838297809,0,0,0,0,0,0,189,49,7,0,0,0
Wed Feb 18 15:53:28 2026,19.6878125,189431,33.24637596137775,1003.2419564009982,83.65899745246391,0,0,0,0,0,0,189,49,7,0,0,0
Wed Feb 18 15:53:29 2026,19.691328125,190417,33.24105460581124,1003.2443246586768,83.63912099411708,0,0,0,0,0,0,189,49,7,0,0,0
Wed Feb 18 15:53:30 2026,19.6954296875,190197,33.24143276674179,1003.2476624891132,83.6111071105425,0,0,0,0,0,0,195,49,7,0,0,0
Wed Feb 18 15:53:31 2026,19.6954296875,190747,33.24143276674179,1003.244213089059,83.64005738159494,0,0,0,0,0,0,195,49,7,0,0,0
Wed Feb 18 15:53:32 2026,19.6971875,190307,33.23594945372156,1003.2505712964957,83.5866940112264,0,0,0,0,0,0,195,49,7,0,0,0
Wed Feb 18 15:53:33 2026,19.69796875,190527,33.2303762959647,1003.2501393934191,83.59031889275848,0,0,0,0,0,0,159,42,7,0,0,0
Wed Feb 18 15:53:34 2026,19.69796875,190307,33.2303762959647,1003.258762930018,83.51794340638149,0,0,0,0,0,0,159,42,7,0,0,0
Wed Feb 18 15:53:35 2026,19.69640625,189431,33.22458732405426,1003.2648008229928,83.46726897016813,0,0,0,0,0,0,159,42,7,0,0,0
Wed Feb 18 15:53:36 2026,19.694453125,190747,33.2187626150173,1003.2667428633723,83.4509699922203,0,0,0,0,0,0,171,45,8,0,0,0
Wed Feb 18 15:53:37 2026,19.6915234375,191524,33.21284820205331,1003.2636194519599,83.47718388485139,0,0,0,0,0,0,171,45,8,0,0,0
Wed Feb 18 15:53:38 2026,19.6909375,191190,33.207149990408205,1003.2557510748194,83.54322120149187,0,0,0,0,0,0,171,45,8,0,0,0
Wed Feb 18 15:53:39 2026,19.689375,190747,33.21829468610659,1003.2583394903507,83.52149723260018,0,0,0,0,0,0,168,44,10,0,0,0
Wed Feb 18 15:53:40 2026,19.6878125,190858,33.21250630995577,1003.2574785214762,83.52872313886593,0,0,0,0,0,0,168,44,10,0,0,0
Wed Feb 18 15:53:41 2026,19.6852734375,192870,33.21791676123871,1003.2515521646159,83.57846177371698,0,0,0,0,0,0,168,44,10,0,0,0
Wed Feb 18 15:53:42 2026,19.681953125,192195,33.20632239536057,1003.2529563299474,83.56667689544932,0,0,0,0,0,0,147,38,10,0,0,0
Wed Feb 18 15:53:43 2026,19.679609375,188779,33.20046264812544,1003.2559764774659,83.54132944775577,0,0,0,0,0,0,147,38,10,0,0,0
Wed Feb 18 15:53:44 2026,19.6770703125,193323,33.21151669534216,1003.2517747605121,83.57659357006895,0,0,0,0,0,0,147,38,10,0,0,0
Wed Feb 18 15:53:45 2026,19.6743359375,193436,33.19997700116809,1003.2472498399308,83.61457040585468,0,0,0,0,0,0,138,35,9,0,0,0
Wed Feb 18 15:53:46 2026,19.6727734375,193209,33.194189549649806,1003.2463888133872,83.62179686080216,0,0,0,0,0,0,138,35,9,0,0,0
Wed Feb 18 15:53:47 2026,19.673359375,191635,33.18860014753389,1003.2542570067302,83.55576058775645,0,0,0,0,0,0,138,35,9,0,0,0
Wed Feb 18 15:53:48 2026,19.67453125,191190,33.18870803536089,1003.2527469828419,83.56843390291446,0,0,0,0,0,0,150,37,9,0,0,0
Wed Feb 18 15:53:49 2026,19.6770703125,192307,33.20587264729229,1003.2534994122404,83.56211891817051,0,0,0,0,0,0,150,37,9,0,0,0
Wed Feb 18 15:53:50 2026,19.6786328125,192307,33.200372711530164,1003.2526357759841,83.56936723945631,0,0,0,0,0,0,150,37,9,0,0,0
Wed Feb 18 15:53:51 2026,19.6794140625,190417,33.211732601997824,1003.2504792943666,83.58746616773936,0,0,0,0,0,0,105,27,8,0,0,0
Wed Feb 18 15:53:52 2026,19.676875,192870,33.20585465783609,1003.2514515517147,83.5793061981465,0,0,0,0,0,0,105,27,8,0,0,0
Wed Feb 18 15:53:53 2026,19.6762890625,193550,33.21708898112952,1003.2573805244464,83.5295456048638,0,0,0,0,0,0,105,27,8,0,0,0
Wed Feb 18 15:53:54 2026,19.6758984375,194349,33.21705299241306,1003.2515601566444,83.57839469818195,0,0,0,0,0,0,96,24,5,0,0,0
Wed Feb 18 15:53:55 2026,19.6743359375,189868,33.22819814220179,1003.2455251958665,83.62904506643977,0,0,0,0,0,0,96,24,5,0,0,0
Wed Feb 18 15:53:56 2026,19.6721875,194120,33.21671110676837,1003.2471438256906,83.61546016575979,0,0,0,0,0,0,96,24,5,0,0,0
Wed Feb 18 15:53:57 2026,19.6696484375,193550,33.227766174181106,1003.2498406352315,83.59282631494474,0,0,0,0,0,0,93,23,8,1,0,0
Wed Feb 18 15:53:58 2026,19.6680859375,194925,33.23326698344105,1003.2489795759756,83.60005302933044,0,0,0,0,0,0,93,23,8,1,0,0
Wed Feb 18 15:53:59 2026,19.6661328125,193778,33.22179765865309,1003.2509213318334,83.58375623120196,0,0,0,0,0,0,93,23,8,1,0,0
Wed Feb 18 15:54:00 2026,19.663984375,192870,33.22724424041952,1003.2577136967022,83.52674936882539,0,0,0,0,0,0,93,25,8,1,0,0
Wed Feb 18 15:54:01 2026,19.660859375,194579,33.238245906186016,1003.2611652965674,83.49778095077075,0,0,0,0,0,0,93,25,8,1,0,0
Wed Feb 18 15:54:02 2026,19.6583203125,195271,33.23236700429801,1003.2569634678052,83.53304586379117,0,0,0,0,0,0,93,25,8,1,0,0
Wed Feb 18 15:54:03 2026,19.6575390625,194694,33.23229500984561,1003.2556705983828,83.54389662221186,0,0,0,0,0,0,114,32,9,1,0,0
Wed Feb 18 15:54:04 2026,19.6559765625,194120,33.22650638559998,1003.2513602651932,83.58007234815364,0,0,0,0,0,0,114,32,9,1,0,0
Wed Feb 18 15:54:05 2026,19.655390625,195852,33.232097028064764,1003.2521152098166,83.57373624656496,0,0,0,0,0,0,114,32,9,1,0,0
Wed Feb 18 15:54:06 2026,19.6559765625,194809,33.23215102266488,1003.2496356695955,83.59454655395163,0,0,0,0,0,0,102,29,8,1,0,0
Wed Feb 18 15:54:07 2026,19.6575390625,193892,33.22665035253162,1003.2522213984448,83.5728450266223,0,0,0,0,0,0,102,29,8,1,0,0
Wed Feb 18 15:54:08 2026,19.659296875,193778,33.23810189387099,1003.2568549503422,83.53395662569503,0,0,0,0,0,0,102,29,8,1,0,0
Wed Feb 18 15:54:09 2026,19.660078125,195271,33.2325289939171,1003.2529739981888,83.5665286095249,0,0,0,0,0,0,114,33,6,1,0,0
Wed Feb 18 15:54:10 2026,19.66203125,196202,33.255290003964404,1003.2510323190982,83.58282473636919,0,0,0,0,0,0,114,33,6,1,0,0
Wed Feb 18 15:54:11 2026,19.663203125,196906,33.255398061563646,1003.2477977603494,83.60997180201642,0,0,0,0,0,0,114,33,6,1,0,0
Wed Feb 18 15:54:12 2026,19.6630078125,196202,33.24973446126965,1003.245749933626,83.62715887738597,0,0,0,0,0,0,135,39,6,1,0,0
Wed Feb 18 15:54:13 2026,19.66359375,195736,33.255434081050886,1003.2467195702359,83.61902087207656,0,0,0,0,0,0,135,39,6,1,0,0
Wed Feb 18 15:54:14 2026,19.6630078125,195619,33.25538005187393,1003.245749933626,83.62715887738597,0,0,0,0,0,0,135,39,6,1,0,0
Wed Feb 18 15:54:15 2026,19.66203125,196553,33.26658180667421,1003.244133873178,83.64072222895055,0,0,0,0,0,0,153,42,6,1,0,0
Wed Feb 18 15:54:16 2026,19.6614453125,196202,33.26652776317342,1003.250062676697,83.59096276195567,0,0,0,0,0,0,153,42,6,1,0,0
Wed Feb 18 15:54:17 2026,19.6626171875,194809,33.27228208285271,1003.2554511886234,83.54573807944628,0,0,0,0,0,0,153,42,6,1,0,0
Wed Feb 18 15:54:18 2026,19.663203125,195968,33.26104387030301,1003.2564208347721,83.5376000577971,0,0,0,0,0,0,144,42,7,1,0,0
Wed Feb 18 15:54:19 2026,19.6665234375,197260,33.27264243390364,1003.2584662526682,83.52043334714558,0,0,0,0,0,0,144,42,7,1,0,0
Wed Feb 18 15:54:20 2026,19.6723828125,196671,33.27318298744279,1003.2595395102782,83.51142576014435,0,0,0,0,0,0,144,42,7,1,0,0
Wed Feb 18 15:54:21 2026,19.6774609375,196436,33.26800506862183,1003.259319790093,83.51326981695316,0,0,0,0,0,0,147,43,7,1,0,0
Wed Feb 18 15:54:22 2026,19.6809765625,198090,33.26832938753294,1003.2530649555505,83.56576522308539,0,0,0,0,0,0,147,43,7,1,0,0
Wed Feb 18 15:54:23 2026,19.682734375,196671,33.2515533657304,1003.2559738265549,83.54135169625287,0,0,0,0,0,0,147,43,7,1,0,0
Wed Feb 18 15:54:24 2026,19.6837109375,195736,33.245997776693194,1003.248966520011,83.60016260571511,0,0,0,0,0,0,156,47,7,1,0,0
Wed Feb 18 15:54:26 2026,19.683515625,197141,33.25162540909548,1003.2486433145632,83.60287521182748,0,0,0,0,0,0,156,47,7,1,0,0
Wed Feb 18 15:54:27 2026,19.6821484375,198448,33.25149933358383,1003.2498302070505,83.59291383674902,0,0,0,0,0,0,156,47,7,1,0,0
Wed Feb 18 15:54:28 2026,19.681171875,196085,33.245763670303134,1003.2482141758373,83.60647689828262,0,0,0,0,0,0,156,45,5,0,0,0
Wed Feb 18 15:54:29 2026,19.6809765625,198448,33.24010027008119,1003.2496156315246,83.59471472982028,0,0,0,0,0,0,156,45,5,0,0,0
Wed Feb 18 15:54:30 2026,19.6801953125,196906,33.22873813131344,1003.2483228050212,83.60556519237787,0,0,0,0,0,0,156,45,5,0,0,0
Wed Feb 18 15:54:31 2026,19.6786328125,198448,33.22859413105714,1003.2509111201643,83.58384193578713,0,0,0,0,0,0,147,42,5,0,0,0
Wed Feb 18 15:54:32 2026,19.6770703125,198568,33.228450133098896,1003.2483254573917,83.60554293149306,0,0,0,0,0,0,147,42,5,0,0,0
Wed Feb 18 15:54:33 2026,19.6743359375,198090,33.22255348279159,1003.2455251958665,83.62904506643977,0,0,0,0,0,0,147,42,5,0,0,0
Wed Feb 18 15:54:34 2026,19.671796875,197733,33.22231953045692,1003.2430481329471,83.64983469285997,0,0,0,0,0,0,135,36,4,0,0,0
Wed Feb 18 15:54:35 2026,19.67296875,198928,33.22807214939251,1003.2415381012632,83.66250818809509,0,0,0,0,0,0,135,36,4,0,0,0
Wed Feb 18 15:54:36 2026,19.6762890625,195040,33.234023035309605,1003.2401340304209,83.6742923819231,0,0,0,0,0,0,135,36,4,0,0,0
Wed Feb 18 15:54:37 2026,19.6758984375,197971,33.222697456475,1003.2498355081527,83.59286934557218,0,0,0,0,0,0,138,34,4,0,0,0
Wed Feb 18 15:54:38 2026,19.6743359375,198329,33.22255348279159,1003.2524237727953,83.57114653934401,0,0,0,0,0,0,138,34,4,0,0,0
Wed Feb 18 15:54:39 2026,19.673359375,196436,33.23375300951254,1003.2525323648032,83.57023514854589,0,0,0,0,0,0,138,34,4,0,0,0
Wed Feb 18 15:54:40 2026,19.66984375,197615,33.23907402161186,1003.2501638462148,83.59011366499553,0,0,0,0,0,0,120,28,3,0,0,0
Wed Feb 18 15:54:41 2026,19.667109375,198209,33.23317698148617,1003.2421896455936,83.65703986122595,0,0,0,0,0,0,120,28,3,0,0,0
Wed Feb 18 15:54:42 2026,19.66359375,198448,33.23285298188318,1003.2380964937782,83.69139320002938,0,0,0,0,0,0,120,28,3,0,0,0
Wed Feb 18 15:54:43 2026,19.659296875,198329,33.23245699817166,1003.2378843040543,83.69317408636148,0,0,0,0,0,0,126,29,3,0,0,0
Wed Feb 18 15:54:44 2026,19.6551953125,196436,33.23207902993655,1003.2345460623646,83.72119164263492,0,0,0,0,0,0,126,29,3,0,0,0
Wed Feb 18 15:54:45 2026,19.65109375,198329,33.23734586693647,1003.2294832070153,83.76368386720563,0,0,0,0,0,0,126,29,3,0,0,0
Wed Feb 18 15:54:46 2026,19.6471875,200746,33.225696614437226,1003.2281926945346,83.77451508456086,0,0,0,0,0,0,117,26,3,0,0,0
Wed Feb 18 15:54:47 2026,19.642890625,198568,33.236589903373364,1003.229704821347,83.7618238685062,0,0,0,0,0,0,117,26,3,0,0,0
Wed Feb 18 15:54:48 2026,19.6383984375,201237,33.24182079068442,1003.2257199868674,83.7952684482634,0,0,0,0,0,0,117,26,3,0,0,0
Wed Feb 18 15:54:49 2026,19.6352734375,199894,33.25282304082322,1003.2239976272876,83.80972418671105,0,0,0,0,0,0,117,26,2,0,0,0
Wed Feb 18 15:54:50 2026,19.63625,200258,33.24726782022896,1003.2238891644614,83.81063451428204,0,0,0,0,0,0,117,26,2,0,0,0
Wed Feb 18 15:54:51 2026,19.6368359375,198808,33.258612545604485,1003.2214097243989,83.8314444551164,0,0,0,0,0,0,117,26,2,0,0,0
Wed Feb 18 15:54:52 2026,19.63625,200991,33.25855852360763,1003.2187155404417,83.85405678870814,0,0,0,0,0,0,144,34,5,0,0,0
Wed Feb 18 15:54:53 2026,19.635859375,200380,33.26416817916535,1003.2249672744449,83.80158595000681,0,0,0,0,0,0,144,34,5,0,0,0
Wed Feb 18 15:54:54 2026,19.6337109375,201114,33.275262005482354,1003.2334836477804,83.7301084066168,0,0,0,0,0,0,144,34,5,0,0,0
Wed Feb 18 15:54:55 2026,19.6325390625,200136,33.286446683042826,1003.2263707369826,83.7898067174116,0,0,0,0,0,0,126,27,4,0,0,0
Wed Feb 18 15:54:56 2026,19.632734375,198808,33.286464702307185,1003.2215203578621,83.8305159075556,0,0,0,0,0,0,126,27,4,0,0,0
Wed Feb 18 15:54:57 2026,19.6321484375,201854,33.28076416021515,1003.2171016498676,83.86760222438481,0,0,0,0,0,0,126,27,4,0,0,0
Wed Feb 18 15:54:58 2026,19.6315625,201237,33.292003279687464,1003.2213055921383,83.83231843810846,0,0,0,0,0,0,120,27,4,1,0,0
Wed Feb 18 15:54:59 2026,19.6315625,201978,33.292003279687464,1003.223030121092,83.81784446070309,0,0,0,0,0,0,120,27,4,1,0,0
Wed Feb 18 15:55:00 2026,19.6321484375,201483,33.308998738350844,1003.2222752409116,83.82418017015686,0,0,0,0,0,0,120,27,4,1,0,0
Wed Feb 18 15:55:01 2026,19.6301953125,201607,33.31446598436396,1003.2345638099603,83.72104268849247,0,0,0,0,0,0,129,30,5,1,0,0
Wed Feb 18 15:55:02 2026,19.626484375,198209,33.30282863046553,1003.2318716505333,83.74363779026193,0,0,0,0,0,0,129,30,5,1,0,0
Wed Feb 18 15:55:03 2026,19.6227734375,201360,33.30813337368123,1003.2274549548018,83.78070690839627,0,0,0,0,0,0,129,30,5,1,0,0
Wed Feb 18 15:55:04 2026,19.61671875,201978,33.31322189901941,1003.2243330626884,83.80690888078327,0,0,0,0,0,0,129,32,5,1,0,0
Wed Feb 18 15:55:05 2026,19.612421875,201237,33.312825270166165,1003.2310179967124,83.7508024560588,0,0,0,0,0,0,129,32,5,1,0,0
Wed Feb 18 15:55:06 2026,19.6083203125,201483,33.31244668615353,1003.2259547165881,83.79329836674965,0,0,0,0,0,0,129,32,5,1,0,0
Wed Feb 18 15:55:07 2026,19.6048046875,198808,33.323417261689364,1003.2201366475155,83.842129405784,0,1,1,0,1,1,144,40,8,1,0,0
Wed Feb 18 15:55:08 2026,19.6016796875,202101,33.323128756823124,1003.2201383863044,83.84211481209697,0,1,1,0,1,1,144,40,8,1,0,0
Wed Feb 18 15:55:09 2026,19.597578125,200991,33.32839786976882,1003.220248379877,83.84119163419439,0,1,1,0,1,1,144,40,8,1,0,0
Wed Feb 18 15:55:10 2026,19.5940625,202474,33.32807328091124,1003.2178791290606,83.8610768142204,0,1,1,0,1,1,153,43,8,1,0,0
Wed Feb 18 15:55:11 2026,19.5915234375,201607,33.33348676169764,1003.2171259977296,83.86739787186283,0,1,1,0,1,1,153,43,8,1,0,0
Wed Feb 18 15:55:12 2026,19.5872265625,203853,33.338738071307986,1003.2117393595155,83.91260822707272,0,1,1,0,1,1,153,43,8,1,0,0
Wed Feb 18 15:55:13 2026,19.58234375,202350,33.3326391823219,1003.2053830227013,83.96595756957797,0,1,1,0,1,1,144,42,8,1,0,0
Wed Feb 18 15:55:14 2026,19.57765625,199048,33.34350249196671,1003.2062474446475,83.95870237747134,0,1,1,0,1,1,144,42,8,1,0,0
Wed Feb 18 15:55:15 2026,19.57296875,200869,33.34871792104829,1003.1984898954946,84.02381255450801,0,1,1,0,1,1,144,42,8,1,0,0
Wed Feb 18 15:55:16 2026,19.569453125,203727,33.337096927565995,1003.2047422823903,83.97133537944414,0,1,1,0,1,1,141,44,9,1,0,0
Wed Feb 18 15:55:17 2026,19.56515625,202474,33.36494231220601,1003.2079772468751,83.94418396503988,0,1,1,0,1,1,141,44,9,1,0,0
Wed Feb 18 15:55:18 2026,19.561640625,203475,33.36461751248842,1003.2056076744004,83.96407204172887,0,1,1,0,1,1,141,44,9,1,0,0
Wed Feb 18 15:55:19 2026,19.5575390625,200502,33.36988756251859,1003.2057170218395,83.96315427607128,0,1,1,0,1,1,147,47,12,2,0,0
Wed Feb 18 15:55:20 2026,19.553828125,200869,33.38084318477679,1003.2047484523871,83.97128359391166,0,1,1,0,1,1,147,47,12,2,0,0
