time,particles 03um,particles 05um,particles 10um,particles 25um,particles 50um,particles 100um,Temperature C,Gas Ohm,Humidity %%,Pressure hPa,Altitude meters
1772058607.2457626,12,4,0,0,0,0,23.3290234375,55122,60.024073945172006,1009.1616930026556,34.093687842591976
1772058608.256592,12,4,0,0,0,0,23.373359375,59960,60.01027641306482,1009.1673549152656,34.04639408739982
1772058609.2674298,18,4,0,0,0,0,23.4161328125,64526,60.13799947450863,1009.1687124605938,34.035054591362965
1772058610.2781796,18,4,0,0,0,0,23.4618359375,68276,60.266245340153326,1009.1691740136567,34.03119926866963
1772058611.2889843,18,4,0,0,0,0,23.50265625,72132,60.34654951305747,1009.1729420285545,33.999725338892816
1772058612.2997704,24,6,0,0,0,0,23.5337109375,75597,60.35108931939613,1009.1704926860903,34.020184491533776
1772058613.31198,24,6,0,0,0,0,23.5598828125,77937,60.25353392264728,1009.1768606948629,33.9669931307632
1772058614.324075,24,6,0,0,0,0,23.5815625,81167,60.0743339417026,1009.1651401303461,34.06489408168562
1772058615.3361177,30,8,0,0,0,0,23.6020703125,83553,59.91535252813955,1009.1607456701306,34.101600898548
1772058616.3482435,30,8,0,0,0,0,23.6175,86083,59.72205164473009,1009.1520202312859,34.17448465578124
1772058617.3602793,30,8,0,0,0,0,23.62921875,88062,59.50819484542642,1009.1521286310871,34.173579187038904
1772058618.372369,36,10,0,0,0,0,23.63390625,89949,59.320449273239845,1009.1485016684778,34.20387542244838
1772058619.3844743,36,10,0,0,0,0,23.640546875,92401,59.10628181972563,1009.1296000088769,34.361763541583905
1772058620.3965669,36,10,0,0,0,0,23.646015625,96311,58.91902259988585,1009.0923360498836,34.67304144505449
1772058621.4086926,48,14,0,0,0,0,23.653046875,97645,58.77240491050653,1009.0795537286128,34.77981845329999
1772058622.4208677,48,14,0,0,0,0,23.6567578125,99240,58.63882414357291,1009.0652118759162,34.899624297363005
1772058623.4329636,48,14,0,0,0,0,23.657734375,101585,58.478147709924045,1009.0557390771476,34.978756855740286
1772058624.4450278,78,22,4,0,0,0,23.6551953125,102890,58.310407571694846,1009.0443996992307,35.073482976254994
1772058625.4571667,78,22,4,0,0,0,23.6469921875,104414,58.15537816804381,1009.0388208783318,35.120087265470865
1772058626.469216,78,22,4,0,0,0,23.638984375,107143,57.99381983370114,1009.028044249026,35.21011353694092
1772058627.4813669,96,28,4,0,0,0,23.629609375,107339,57.82552760594395,1009.0261247289627,35.22614898825921
1772058628.4934027,96,28,4,0,0,0,23.619453125,108998,57.6772830933346,1009.0174693478518,35.298455360035184
1772058629.5055273,96,28,4,0,0,0,23.60734375,110225,57.5355438935804,1008.9873877576879,35.54975849978957
1772058630.5175998,114,34,6,0,0,0,23.5934765625,112404,57.420307958881,1008.9600431313613,35.77820216765334
1772058631.5289397,114,34,6,0,0,0,23.581171875,112764,57.312021179089115,1008.9278199491871,36.04740891367464
1772058632.54091,114,34,6,0,0,0,23.56984375,114004,57.22389772181432,1008.8879608808088,36.380418869421526
1772058633.5529246,138,40,8,0,0,0,23.55578125,115878,57.155388299711646,1008.8511359268382,36.68808922289923
1772058634.5649903,138,40,8,0,0,0,23.5438671875,116954,57.09385653588534,1008.8231994710128,36.92150275616725
1772058635.5771153,138,40,8,0,0,0,23.53,117422,57.032072337577745,1008.7976919888357,37.13462639907091
1772058636.5892522,126,36,8,0,0,0,23.5157421875,117893,56.97690090435539,1008.7623959971756,37.42954354659545
1772058637.6013784,126,36,8,0,0,0,23.5001171875,119168,56.93484393096804,1008.7286170861378,37.71179248738067
1772058638.613639,126,36,8,0,0,0,23.4846875,119898,56.91939774457367,1008.6969809369907,37.976143934662566
1772058639.625759,138,42,10,0,0,0,23.4692578125,121051,56.91059665731855,1008.6690144307175,38.209837461385696
1772058640.6378756,138,42,10,0,0,0,23.454609375,121804,56.90190573391759,1008.6312711810123,38.525235662331006
1772058641.650042,138,42,10,0,0,0,23.4426953125,122908,56.9201693334923,1008.5978343859596,38.80465533059932
1772058642.663967,138,42,12,0,0,0,23.429609375,123338,56.95155858000502,1008.569890840212,39.038175578148646
1772058643.6760893,138,42,12,0,0,0,23.4153515625,123684,56.996079166556065,1008.5419368615891,39.271788253455405
1772058644.6879132,138,42,12,0,0,0,23.4008984375,123597,56.98741167206576,1008.5191788444488,39.46198191318096
1772058645.6998196,138,42,12,0,0,0,23.3891796875,124382,56.95919369506159,1008.5043951720472,39.58553411526554
1772058646.7116957,138,42,12,0,0,0,23.379609375,124911,56.91799495702728,1008.491160047194,39.69614582044863
1772058647.7238758,138,42,12,0,0,0,23.370234375,125713,56.86355108145339,1008.4837353390919,39.758197855777055
1772058648.7355447,150,44,12,0,0,0,23.3622265625,126344,56.829232239142996,1008.4601205189061,39.955561293591515
1772058649.747677,150,44,12,0,0,0,23.355,126344,56.82822386067421,1008.4303991376341,40.20396630117274
1772058650.7597487,150,44,12,0,0,0,23.3489453125,126344,56.8472984098493,1008.4006891241067,40.4522822242078
1772058651.7710578,162,48,16,0,0,0,23.3458203125,127348,56.86014291353743,1008.3645869512427,40.75403170814225
1772058652.7830367,162,48,16,0,0,0,23.338203125,129121,56.89892649974411,1008.3140757306926,41.17622969683836
1772058653.7951539,162,48,16,0,0,0,23.3294140625,129216,56.87777514454882,1008.289233146185,41.38388269817658
1772058654.806994,144,44,12,0,0,0,23.321796875,129216,56.83687041761007,1008.253396821037,41.68343694862578
1772058655.8182113,144,44,12,0,0,0,23.3161328125,131138,56.7962473900675,1008.218801793922,41.972623422220906
1772058656.830334,144,44,12,0,0,0,23.313203125,130944,56.749377828184976,1008.1701706603083,42.37915399072742
1772058657.8424025,138,42,12,0,0,0,23.3094921875,131924,56.71568131681385,1008.1258125006103,42.749978603083505
1772058658.8545303,138,42,12,0,0,0,23.3034375,133725,56.694933389083324,1008.086935976912,43.074988788727396
1772058659.8653643,138,42,12,0,0,0,23.29640625,135057,56.62762105671738,1008.061195422335,43.29018702989386
1772058660.876152,150,44,12,0,0,0,23.287421875,136100,56.53354433917725,1008.0323808785926,43.53108995904168
1772058661.8869467,150,44,12,0,0,0,23.277265625,137480,56.399603169378764,1008.0090582675746,43.726081870394694
1772058662.897488,150,44,12,0,0,0,23.2544140625,138344,56.32358538041291,1008.0042660170207,43.76614859560728
1772058663.9082708,132,40,10,0,0,0,23.2278515625,139770,56.2735652042297,1007.9954641643933,43.83973893318958
1772058664.920324,132,40,10,0,0,0,23.2159375,140550,56.232204624789404,1007.9950483183441,43.843215742646485
1772058665.932462,132,40,10,0,0,0,23.209296875,142023,56.17173403042868,1007.9882626225807,43.89994981400743
1772058666.9445763,144,44,10,0,0,0,23.2075390625,140662,56.145029422770044,1007.9799941203114,43.969081801436744
1772058667.9567423,144,44,10,0,0,0,23.212421875,142482,56.29128981583487,1007.9803450674827,43.966147563555396
1772058668.9685931,144,44,10,0,0,0,23.221796875,141566,56.319069516389916,1007.9840994750439,43.93475734979357
1772058669.9807677,144,42,8,0,0,0,23.2294140625,143176,56.339988503604346,1007.9777511155183,43.987835383256396
1772058670.99285,144,42,8,0,0,0,23.231953125,143526,56.486076399279334,1007.9835817252216,43.93908619694175
1772058672.0041876,144,42,8,0,0,0,23.22921875,143643,56.35320560311702,1007.9701081807661,44.0517375968291
1772058673.0163183,156,44,8,0,0,0,23.2184765625,144823,56.42457548102503,1007.969703688789,44.055119545920114
1772058674.028406,156,44,8,0,0,0,23.205,144704,56.462458584784656,1007.9668282498236,44.07916106358785
1772058675.040561,156,44,8,0,0,0,23.193671875,145902,56.43438669595101,1007.9728354017352,44.028935387135014
1772058676.0526414,186,54,10,0,0,0,23.184296875,146509,56.40659033571695,1007.9672463977917,44.075664928976906
1772058677.064804,186,54,10,0,0,0,23.1743359375,146753,56.35222829965123,1007.9680696620078,44.06878162138523
1772058678.076886,186,54,10,0,0,0,23.1610546875,147861,56.330525839992475,1007.9710002982123,44.04427862511136
1772058679.0890305,204,62,12,0,0,0,23.1497265625,148734,56.31571711797273,1007.9751710959102,44.00940676049635
1772058680.1011586,204,62,12,0,0,0,23.1446484375,147490,56.39447520069515,1007.9855131831922,43.92293750654557
1772058681.113052,204,62,12,0,0,0,23.1493359375,147737,56.37525594329714,1007.994726273461,43.84590829925082
1772058682.1253784,204,62,8,0,0,0,23.1516796875,148986,56.315987305495476,1008.0002496600077,43.7997284012324
1772058683.1381257,204,62,8,0,0,0,23.155390625,150128,56.29002056638511,1008.006091751609,43.75088409880979
1772058684.1502743,204,62,8,0,0,0,23.16046875,150899,56.20468677665103,1008.0067514829103,43.74536826077987
1772058685.1623788,228,68,10,0,0,0,23.1712109375,152071,56.1267853475041,1008.0163278932772,43.66530276857219
1772058686.1745195,228,68,10,0,0,0,23.184296875,152334,56.0294031966455,1008.0112563196075,43.70770459680326
1772058687.186628,228,68,10,0,0,0,23.1950390625,152202,55.925137410600634,1008.006161788386,43.750298539798926
1772058688.1987846,234,70,10,0,0,0,23.2048046875,152597,55.913267343366535,1007.9995292872195,43.80575127821774
1772058689.2108874,234,70,10,0,0,0,23.212421875,152862,55.874677342189926,1008.002350987604,43.78215968752162
1772058690.223055,234,70,10,0,0,0,23.220625,151158,55.84938447126636,1008.0042610030156,43.76619051643924
1772058691.235217,222,66,8,0,0,0,23.220234375,154065,55.80310178148514,1008.0128153467276,43.694670044274666
1772058692.2465937,222,66,8,0,0,0,23.199140625,155286,55.734183033872874,1008.0089509346278,43.72697925076682
1772058693.2584405,222,66,8,0,0,0,23.1696484375,156528,55.7037341496424,1008.0083669708771,43.73186160767976
1772058694.2705362,258,74,12,0,0,0,23.1364453125,155836,55.65299056584988,1008.0074377912101,43.73963022262752
1772058695.2826507,258,74,12,0,0,0,23.099140625,157226,55.634684026610834,1008.0073803169362,43.74011074937439
1772058696.2947614,258,74,12,0,0,0,23.066328125,158072,55.57742683637729,1008.0088892682448,43.727494825969586
1772058697.306907,294,86,18,0,0,0,23.0313671875,157226,55.54626892866233,1008.0088437573166,43.72787532999585
1772058698.318794,294,86,18,0,0,0,22.9981640625,158072,55.541728890656174,1007.9987281398295,43.81244949781206
1772058699.3309374,294,86,18,0,0,0,22.9690625,157930,55.55093603463364,1007.9950671676619,43.84305814707185
1772058700.3430414,294,88,20,0,0,0,22.9409375,157086,55.56687032020578,1007.9874413718204,43.90681617572287
1772058701.355202,294,88,20,0,0,0,22.9157421875,159214,55.583206168192056,1007.9935911328174,43.85539900190324
1772058702.3673418,294,88,20,0,0,0,22.8973828125,159791,55.67302435549172,1007.9940065549329,43.851925732812724
1772058703.3797007,294,90,20,0,0,0,22.8837109375,158072,55.72393089164909,1008.0018024848446,43.78674558929205
1772058704.3920286,294,90,20,0,0,0,22.874921875,160812,55.76231939310758,1008.0044569933023,43.76455189104013
1772058705.4042168,294,90,20,0,0,0,22.8758984375,160959,55.775652269769736,1008.0004963246511,43.797666093698375
1772058706.416366,294,88,20,0,0,0,22.886640625,160812,55.86954511821712,1008.0119149716339,43.70219780514647
1772058707.4284966,294,88,20,0,0,0,22.898359375,161253,55.91738114857739,1008.0138737994458,43.685820651676174
1772058708.4406168,294,88,20,0,0,0,22.913203125,162293,55.95244714884835,1008.0225863299015,43.61297819153354
1772058709.452779,264,78,18,0,0,0,22.9290234375,162442,55.96122712171898,1008.0236710423883,43.603909320492356
1772058710.4649086,264,78,18,0,0,0,22.9458203125,161994,55.94371611034684,1008.0317917446893,43.53601544945866
1772058711.4771214,264,78,18,0,0,0,22.9606640625,162442,55.952362175849196,1008.0331697268184,43.524494748340416
1772058712.4887154,240,70,18,0,0,0,22.98,162893,55.94841321181418,1008.0361211391801,43.49981933358542
1772058713.5006523,240,70,18,0,0,0,23.0001171875,163043,55.93135932082012,1008.0293019052269,43.55683193192153
1772058714.5127583,240,70,18,0,0,0,23.02453125,162893,55.92810897093208,1008.0310795609236,43.54196970896092
1772058715.5245993,246,72,18,0,0,0,23.056171875,163953,55.89282396336364,1008.0442332804002,43.43199771626941
1772058716.5367255,246,72,18,0,0,0,23.0878125,163497,55.850939807656374,1008.0482164398828,43.398696643402175
1772058717.5488532,246,72,18,0,0,0,23.1165234375,164412,55.83507316145996,1008.053083580246,43.3580052223145
1772058718.560987,240,70,20,0,0,0,23.1419140625,164566,55.80554529393026,1008.0563872514322,43.33038517764589
1772058719.5718114,240,70,20,0,0,0,23.16359375,164874,55.749105184381754,1008.0446775301216,43.42828357591665
1772058720.5825899,240,70,20,0,0,0,23.1860546875,164720,55.712585414961985,1008.0506986130953,43.37794457039906
1772058721.5933754,258,70,22,0,0,0,23.21359375,165183,55.676768014358885,1008.0482076750061,43.39876992174673
1772058722.604118,258,70,22,0,0,0,23.2407421875,165338,55.60131878558947,1008.0450982204977,43.424766404191224
1772058723.6175926,258,70,22,0,0,0,23.2645703125,165183,55.538629096355194,1008.0404265990309,43.4638234492841
1772058724.629676,258,74,20,0,0,0,23.2815625,166274,55.481613656912906,1008.0396640778622,43.47019851389065
1772058725.641674,258,74,20,0,0,0,23.299921875,166588,55.43139138170493,1008.0300477875957,43.55059592419547
1772058726.6537948,258,74,20,0,0,0,23.320625,167220,55.35514451810608,1008.025952603718,43.584834074507214
1772058727.6658297,252,68,14,0,0,0,23.3493359375,167062,55.30636600546117,1008.0271221854432,43.57505567061824
1772058728.6780634,252,68,14,0,0,0,23.3809765625,166903,55.24482664136707,1008.029230529876,43.557428671309545
1772058729.6902199,252,68,14,0,0,0,23.4034375,167697,55.201801455312655,1008.0260594132125,43.58394108276706
1772058730.702344,282,76,14,0,0,0,23.42140625,167379,55.15158851063222,1008.024988274221,43.59289645371724
1772058731.7144027,282,76,14,0,0,0,23.451875,167379,55.096511255282095,1008.0270768587648,43.575434628631186
1772058732.7256367,282,76,14,0,0,0,23.4909375,168177,55.06235731864243,1008.0298428293172,43.552309493498555
1772058733.73773,294,78,12,0,0,0,23.5315625,168338,55.03500014539617,1008.0405652191292,43.4626645152117
1772058734.7497556,294,78,12,0,0,0,23.5719921875,168499,55.0010407890493,1008.0399651516001,43.467681383919825
1772058735.761866,294,78,12,0,0,0,23.609296875,167062,54.966659808335216,1008.0362757386487,43.49852679944277
1772058736.773863,264,70,10,0,0,0,23.647578125,167697,54.94557024196829,1008.0377862613043,43.485898031572965
1772058737.785947,264,70,10,0,0,0,23.6817578125,168984,54.917346834941995,1008.0383430560973,43.48124293664264
1772058738.7980828,264,70,10,0,0,0,23.714375,168822,54.88233797634543,1008.0437775724665,43.435807654138074
1772058739.8102708,300,82,16,0,0,0,23.7466015625,168499,54.85385525293192,1008.0449226733313,43.42623406188919
1772058740.8223417,300,82,16,0,0,0,23.7794140625,168338,54.818881671431974,1008.04698497106,43.4089922863111
1772058741.8345034,300,82,16,0,0,0,23.812421875,168338,54.77736682619187,1008.0456788261287,43.419912266791414
1772058742.8465333,354,100,22,2,0,0,23.845234375,169146,54.76211956349873,1008.0477317082649,43.40274922033913
1772058743.8586419,354,100,22,2,0,0,23.876484375,168660,54.733517020480186,1008.0546652032629,43.3447821967386
1772058744.8703287,354,100,22,2,0,0,23.908515625,168984,54.691882900175656,1008.0591521733099,43.30726935426499
1772058745.8821201,348,94,22,2,0,0,23.94171875,169146,54.66355406057731,1008.0599703996427,43.30042867340319
1772058746.8942764,348,94,22,2,0,0,23.9739453125,169471,54.61538971421946,1008.0574119370971,43.321818400553916
1772058747.906086,348,94,22,2,0,0,24.006171875,168984,54.5541017813678,1008.0603568213342,43.29719804382884
1772058748.9182243,360,98,22,2,0,0,24.036640625,170455,54.47946254287844,1008.0605330475497,43.2957247272242
1772058749.9302235,360,98,22,2,0,0,24.0673046875,169634,54.41799843380517,1008.064684781885,43.26101474668054
1772058750.9423454,360,98,22,2,0,0,24.097578125,169961,54.343377650112224,1008.0645457690521,43.26217694169443
1772058751.9543705,336,98,22,2,0,0,24.1290234375,169961,54.3017306778303,1008.0662452977251,43.2479683073355
1772058752.9657462,336,98,22,2,0,0,24.164765625,169961,54.24755911428887,1008.0691871124122,43.223373787691
1772058753.9780028,336,98,22,2,0,0,24.19953125,169471,54.20637846936647,1008.065078219968,43.25772546991695
1772058754.9900208,312,90,22,2,0,0,24.2333203125,169634,54.171626936794866,1008.0686117888158,43.228183673951165
1772058756.0022287,312,90,22,2,0,0,24.2649609375,170290,54.149697215089255,1008.0650893599179,43.25763233614348
1772058757.014623,312,90,22,2,0,0,24.297578125,170620,54.114794403941886,1008.0667711324089,43.24357215550664
1772058758.026283,288,86,26,2,0,0,24.325703125,171449,54.0530798810936,1008.0705715836075,43.21179918205706
1772058759.0383463,288,86,26,2,0,0,24.345625,171951,53.977173386576744,1008.0688220941594,43.22642545485732
1772058760.0505154,288,86,26,2,0,0,24.3633984375,171616,53.88136509501316,1008.0618564540779,43.284660563835125
1772058761.0625346,264,80,26,2,0,0,24.3883984375,173304,53.81274992045576,1008.0625738867468,43.27866256881644
1772058762.0744128,264,80,26,2,0,0,24.41359375,173304,53.72455903709879,1008.0562466085414,43.33156100834389
1772058763.0864236,264,80,26,2,0,0,24.43703125,172794,53.64924406992896,1008.0416412503503,43.45366835483588
1772058764.1010551,252,78,26,2,0,0,24.455390625,173304,53.56673586875406,1008.03558751597,43.50428070991376
1772058765.1132233,252,78,26,2,0,0,24.4739453125,173988,53.46468888727658,1008.0298388895568,43.55234243216973
1772058766.125191,252,78,26,2,0,0,24.492109375,173817,53.34305491569422,1008.0197995660923,43.636277306486534
1772058767.137303,288,88,30,2,0,0,24.50890625,174678,53.24088464079942,1008.0167971718538,43.6613792871054
1772058768.1494029,288,88,30,2,0,0,24.524921875,174678,53.13866144125997,1008.0199158385298,43.6353051940369
1772058769.1615624,288,88,30,2,0,0,24.53546875,174851,53.0162064435428,1008.0052515134687,43.75790911077321
1772058770.1736085,258,78,26,2,0,0,24.540546875,175898,52.90612499136904,1008.016906849989,43.66046230505317
1772058771.185709,258,78,26,2,0,0,24.5387890625,175898,52.7756685852986,1008.0104692949125,43.71428467759238
1772058772.1977293,258,78,26,2,0,0,24.5325390625,176780,52.65121088756063,1008.0098354723186,43.71958388392752
1772058773.209156,240,72,20,0,0,0,24.527265625,177136,52.53996828200457,1008.0033859084853,43.773506964453844
1772058774.2211788,240,72,20,0,0,0,24.5071484375,177671,52.413834324408406,1008.0103596828213,43.71520111220804
1772058775.233177,240,72,20,0,0,0,24.4997265625,177671,52.30894653621208,1008.0023708982684,43.78199321920856
1772058776.2452803,246,76,20,0,0,0,24.4962109375,178030,52.26304185929828,1007.9950084799393,43.84354882400757
1772058777.257256,246,76,20,0,0,0,24.4907421875,178391,52.20391356392916,1007.990089059091,43.88467925232879
1772058778.2693715,246,76,20,0,0,0,24.483125,178571,52.13803526755976,1007.992817834978,43.86186440821454
1772058779.280202,264,78,22,0,0,0,24.47140625,179298,52.097577838762646,1007.9946125629025,43.8468590119808
1772058780.2909844,264,78,22,0,0,0,24.467109375,178934,52.051625116109705,1008.0043961622692,43.76506048395234
1772058781.301744,264,78,22,0,0,0,24.4610546875,179298,52.024897858516965,1008.015091658253,43.6756385238692
1772058782.3125234,258,74,20,0,0,0,24.46046875,180031,51.979452417807835,1008.0086586608027,43.7294228698466
1772058783.3232396,258,74,20,0,0,0,24.4497265625,187842,51.95211991566602,1008.019336037943,43.64015270119446
1772058784.3353739,258,74,20,0,0,0,24.4466015625,180031,51.91283719148582,1008.0272858980811,43.57368693561974
1772058785.3475842,240,68,18,0,0,0,24.4426953125,179298,51.89289113875387,1008.03768238647,43.48676647960439
1772058786.359643,240,68,18,0,0,0,24.4360546875,180031,51.85963585895519,1008.0364317496061,43.49722246466122
1772058787.3718176,240,68,18,0,0,0,24.431953125,187435,51.85909728569016,1008.0465208486885,43.4128725643721
1772058788.3840053,240,66,16,0,0,0,24.4282421875,179481,51.858610024538834,1008.0462000306156,43.41555475295183
1772058789.3961244,240,66,16,0,0,0,24.427265625,180769,51.84553047583084,1008.0391532762615,43.47446907712903
1772058790.4081864,240,66,16,0,0,0,24.4315625,180215,51.83314403412852,1008.025696688496,43.586973680299934
1772058791.4204028,234,62,16,0,0,0,24.4341015625,180584,51.8205276211643,1008.0168262992142,43.66113576301687
1772058792.4324274,234,62,16,0,0,0,24.44171875,187537,51.80857832307104,1008.0049130928389,43.76073855874091
1772058793.4445944,234,62,16,0,0,0,24.4425,180399,51.815155218648776,1008.0006289950933,43.79655686617813
1772058794.4567533,252,66,18,0,0,0,24.430390625,187740,51.80061794730847,1008.0054819701027,43.75598232248479
1772058795.4687417,252,66,18,0,0,0,24.4196484375,188763,51.78626169818128,1008.0124829443085,43.69744915863169
1772058796.480868,252,66,18,0,0,0,24.4024609375,189278,51.75164516425301,1008.0093527326635,43.72361993156881
1772058797.4927313,228,58,16,0,0,0,24.3915234375,187944,51.71785551061361,1008.0086963053845,43.72910813407503
1772058798.504582,228,58,16,0,0,0,24.38546875,189485,51.70412170481494,1008.0120398284166,43.701153915436144
1772058799.5166044,228,58,16,0,0,0,24.3817578125,188455,51.7101059635196,1008.0062070155093,43.7499204077714
1772058800.5287714,216,54,14,0,0,0,24.3794140625,189692,51.6968588892321,1008.0061974187265,43.75000064393622
1772058801.5408452,216,54,14,0,0,0,24.384296875,189692,51.7104384875073,1008.0046864219474,43.762633696276865
1772058802.5524411,216,54,14,0,0,0,24.39171875,188557,51.72435188486088,1008.0108404684058,43.71118140523155
1772058803.5644276,192,44,16,0,0,0,24.393671875,189278,51.73107878937152,1008.0139103436683,43.68551511698389
1772058804.5764794,192,44,16,0,0,0,24.39171875,190527,51.74376561811789,1008.0145148209682,43.68046127459583
1772058805.588597,192,44,16,0,0,0,24.3934765625,190632,51.7375244670608,1008.0264636273129,43.58056160998356
1772058806.6005633,150,34,14,0,0,0,24.3915234375,190527,51.74374002477549,1008.0270680650038,43.575508149709975
1772058807.6127713,150,34,14,0,0,0,24.3981640625,190737,51.76402624584529,1008.0246454532697,43.59576264620938
1772058808.6247706,150,34,14,0,0,0,24.40578125,190737,51.76502478022003,1008.0292691738514,43.557105585224434
1772058809.6369314,114,26,12,2,0,0,24.4165234375,189175,51.779378711938804,1008.0094085646004,43.72315313669909
1772058810.6489258,114,26,12,2,0,0,24.428828125,190318,51.787465681409614,1008.0048634894466,43.761153280030584
1772058811.661042,114,26,12,2,0,0,24.436640625,190842,51.80791199585413,1007.9932573867477,43.85818939320449
1772058812.673122,138,34,12,2,0,0,24.44328125,191263,51.83468227666553,1008.0000195288753,43.80165247616847
1772058813.6851149,138,34,12,2,0,0,24.4446484375,191157,51.854288375791555,1008.0003309474165,43.79904877546666
1772058814.6972213,138,34,12,2,0,0,24.450703125,190004,51.84860760184363,1007.9951480620002,43.84238180486736
1772058815.7091956,138,34,12,2,0,0,24.460078125,190213,51.869267229212994,1007.9915084135864,43.87281225777398
1772058816.7213244,138,34,12,2,0,0,24.4692578125,189900,51.896381500843695,1007.9820491313764,43.95190004964924
1772058817.7334619,138,34,12,2,0,0,24.4747265625,190842,51.89062271279061,1007.9796192032426,43.972216450401135
1772058818.745646,150,40,12,2,0,0,24.4848828125,190842,51.898435096641805,1007.9716936286381,44.03848171040758
1772058819.7577367,150,40,12,2,0,0,24.4981640625,190527,51.93257333942472,1007.9760281584813,44.002240910759795
1772058820.7698493,150,40,12,2,0,0,24.5114453125,190422,51.96023892512207,1007.9748495324407,44.012095335019026
1772058821.781863,138,38,10,2,0,0,24.5258984375,191157,51.97510202454734,1007.9810242720332,43.96046879746068
1772058822.7931924,138,38,10,2,0,0,24.5344921875,189589,51.98271429419688,1007.9761531610841,44.00119577176055
1772058823.8052,138,38,10,2,0,0,24.5360546875,190004,51.94403737997985,1007.978608518131,43.98066670531168
1772058824.817199,120,34,10,2,0,0,24.5458203125,191686,51.93236314318281,1007.9755783967594,44.006001341441234
1772058825.8293345,120,34,10,2,0,0,24.5591015625,191157,51.914672944369855,1007.972559189634,44.031244785646564
1772058826.841327,120,34,10,2,0,0,24.5704296875,191157,51.896727118696965,1007.9683077278859,44.066791154733664
1772058827.8534822,144,42,12,2,0,0,24.579609375,190947,51.89145619688114,1007.9735436333832,44.02301389252158
1772058828.8656034,144,42,12,2,0,0,24.58859375,191368,51.87320383753828,1007.9766346781511,43.99716983845904
1772058829.8777263,144,42,12,2,0,0,24.598359375,191263,51.86801040479386,1007.9754397441799,44.007160607585085
1772058830.8898034,144,42,12,2,0,0,24.6075390625,191263,51.85626265250606,1007.980674829322,43.96339045509412
1772058831.9021974,144,42,12,2,0,0,24.616328125,190947,51.85094112836776,1007.9705934053947,44.04768064514898
1772058832.9142094,144,42,12,2,0,0,24.624921875,191686,51.832640430708835,1007.9675558314676,44.07307775517885
1772058833.9260411,144,44,12,2,0,0,24.6352734375,190422,51.84047817331797,1007.9654418676379,44.09075261161353
1772058834.9381568,144,44,12,2,0,0,24.6454296875,191792,51.85476826048941,1007.959344695964,44.14173124610775
1772058835.9502234,144,44,12,2,0,0,24.658125,192431,51.84996060907339,1007.9553981742808,44.17472836489991
1772058836.9623184,180,56,14,2,0,0,24.6688671875,190422,51.80603611772455,1007.9538960859567,44.187287448397825
1772058837.9744208,180,56,14,2,0,0,24.67921875,193290,51.78149430378455,1007.9554557031894,44.17424736128757
1772058838.9852874,180,56,14,2,0,0,24.691328125,192111,51.74423768775007,1007.961614579614,44.122752651933084
1772058839.9960315,204,60,12,0,0,0,24.7055859375,192431,51.70726968878742,1007.9619580450963,44.119880925376044
1772058841.0087914,204,60,12,0,0,0,24.7173046875,192218,51.68291840685993,1007.9675021773293,44.07352635718181
1772058842.0195653,204,60,12,0,0,0,24.7223828125,192859,51.63181518464521,1007.9552608705221,44.17587637224063
1772058843.0303483,192,56,14,0,0,0,24.734296875,193506,51.59455934756203,1007.9592728303995,44.14233211772617
1772058844.0423245,192,56,14,0,0,0,24.74796875,193506,51.55754042302952,1007.96420759382,44.10107239171531
1772058845.0542793,192,56,14,0,0,0,24.7598828125,193074,51.520297559211805,1007.9627038523669,44.11364520819282
1772058846.0664353,228,64,14,0,0,0,24.7688671875,193290,51.463282242379,1007.9676265954348,44.07248609800685
1772058847.0784383,228,64,14,0,0,0,24.76984375,194156,51.41816200376343,1007.9728372076282,44.02892028813556
1772058848.0905392,228,64,14,0,0,0,24.775703125,194047,51.37369100144506,1007.9710123499294,44.04417786104241
1772058849.1025689,222,62,12,0,0,0,24.7770703125,194156,51.30926386431636,1007.9694835615524,44.05696002567678
1772058850.1146924,222,62,12,0,0,0,24.776484375,193830,51.270434748840856,1007.96304829946,44.11076527687913
1772058851.1265514,222,62,12,0,0,0,24.766328125,195470,51.210996754138876,1007.9562849457772,44.167314002910956
1772058852.1386883,234,66,12,0,0,0,24.7565625,195912,51.183902056759926,1007.9574878282111,44.15725662245695
1772058853.1507041,234,66,12,0,0,0,24.7520703125,196468,51.1574990922859,1007.9614600457469,44.12404471510143
1772058854.1620572,234,66,12,0,0,0,24.7501171875,195250,51.12497800414552,1007.9675827284966,44.072852869250376
1772058855.1742449,234,66,10,0,0,0,24.74640625,195360,51.09868576434068,1007.9672674964501,44.0754885231529
1772058856.186326,234,66,10,0,0,0,24.7337109375,196023,51.071228739629554,1007.9601904728983,44.13465966498134
1772058857.1984444,234,66,10,0,0,0,24.710078125,196134,51.048804476124715,1007.9543108958422,44.18381918745788
1772058858.2104366,216,58,6,0,0,0,24.6891796875,198039,51.026740123529905,1007.9619152436718,44.1202387894938
1772058859.2225463,216,58,6,0,0,0,24.667890625,196691,51.011077218755155,1007.9560377080875,44.16938117496795
1772058860.234353,216,58,6,0,0,0,24.6555859375,196356,51.015926998006364,1007.95508479482,44.177348554987994
1772058861.2465124,216,58,6,0,0,0,24.6493359375,197475,51.02156337163247,1007.9544546640077,44.18261712979359
1772058862.2585502,216,58,6,0,0,0,24.6485546875,198153,51.015013702168005,1007.9587409064677,44.14677956170999
1772058863.2697523,216,58,6,0,0,0,24.6485546875,196914,51.04080780465233,1007.9495513906787,44.22361388674507
1772058864.2818277,216,58,4,0,0,0,24.642890625,196914,51.046520874994286,1007.9443280670768,44.267286793563365
1772058865.2939026,216,58,4,0,0,0,24.6255078125,197813,51.070059781814194,1007.9464224195066,44.24977561094667
1772058866.3060813,216,58,4,0,0,0,24.6065625,197700,51.041801187928996,1007.9460602543327,44.25280372407287
1772058867.3182132,228,58,4,0,0,0,24.58859375,198039,51.03946736330636,1007.9417177499517,44.289112072626814
1772058868.330329,228,58,4,0,0,0,24.5723828125,199063,51.037362213590185,1007.9438114520075,44.2716062911667
1772058869.3423803,228,58,4,0,0,0,24.5622265625,198153,51.03604350151886,1007.9462295384351,44.251388316158746
1772058870.3544946,228,62,6,0,0,0,24.5555859375,196914,51.035181340398466,1007.9413078905089,44.292538977150954
1772058871.3665295,228,62,6,0,0,0,24.5493359375,199292,51.05371481376546,1007.9461880534508,44.25173517786508
1772058872.3786664,228,62,6,0,0,0,24.5438671875,199522,51.05300467983558,1007.9467827645522,44.24676271703539
1772058873.3906834,222,60,4,0,0,0,24.5372265625,198039,51.07148887440066,1007.9473734639665,44.241823800826566
1772058874.4023054,222,60,4,0,0,0,24.5309765625,199407,51.090025409189366,1007.9485777785916,44.2317543736478
1772058875.414385,222,60,4,0,0,0,24.526484375,198266,51.121693185547066,1007.9488690210002,44.229319260434224
1772058876.426515,198,56,8,0,0,0,24.5284375,199292,51.141300624705195,1007.9390752341008,44.311206617001005
1772058877.4386568,198,56,8,0,0,0,24.5380078125,199063,51.17480602377774,1007.9412507474328,44.29301676021846
1772058878.45062,198,56,8,0,0,0,24.5477734375,198266,51.22770702412079,1007.9363823542185,44.333722312242884
1772058879.4627054,186,48,8,0,0,0,24.556953125,197813,51.28700506658749,1007.9416185508228,44.2899414933148
1772058880.4747026,186,48,8,0,0,0,24.5645703125,198949,51.31382755644116,1007.93888634508,44.31278595345148
1772058881.4868472,186,48,8,0,0,0,24.5688671875,198493,51.333762673814434,1007.9419627081769,44.28706393577161
1772058882.4989789,192,50,10,0,0,0,24.5727734375,198266,51.37302831262297,1007.9407498660559,44.29720471634651
1772058883.509463,192,50,10,0,0,0,24.5753125,197926,51.39274091746994,1007.9318756193367,44.371404112773085
1772058884.5215518,192,50,10,0,0,0,24.5770703125,197700,51.399431287712076,1007.9309622273786,44.379041200242646
1772058885.5335577,210,56,10,0,0,0,24.5778515625,196914,51.43830343251794,1007.9321897816272,44.368777328414865
1772058886.5457492,210,56,10,0,0,0,24.578046875,198380,51.464180254646145,1007.9251458633076,44.4276733354938
1772058887.5578454,210,56,10,0,0,0,24.5805859375,198380,51.48390305256978,1007.9291353871125,44.39431586315042
1772058888.5700014,222,64,10,0,0,0,24.581953125,198607,51.516404675860876,1007.9257704549702,44.42245095099975
1772058889.5820684,222,64,10,0,0,0,24.5821484375,198607,51.52936096875952,1007.9279150532437,44.404519388683795
1772058890.5941691,222,64,10,0,0,0,24.5829296875,198266,51.54886102566717,1007.9291425955856,44.39425559128564
1772058891.6061938,240,68,10,0,0,0,24.579609375,197700,51.56135947511222,1007.9257632484725,44.42251120651491
1772058892.6182969,240,68,10,0,0,0,24.570234375,200793,51.553666022853335,1007.9202211391316,44.468850414952485
1772058893.630324,240,68,10,0,0,0,24.5587109375,199982,51.526295135348434,1007.9168159471284,44.49732233049903
1772058894.6423929,246,70,10,0,0,0,24.5520703125,201026,51.50603197819454,1007.9192450362393,44.47701192008053
1772058895.6545446,246,70,10,0,0,0,24.5575390625,199407,51.48735421426354,1007.9278381004113,44.40516281145572
1772058896.6659431,246,70,10,0,0,0,24.5628125,200098,51.468652591611644,1007.9195853561505,44.47416639689554
1772058897.6781137,216,62,10,0,0,0,24.5723828125,199522,51.450514062409454,1007.9144084815233,44.517451978796586
1772058898.6896656,216,62,10,0,0,0,24.5809765625,200098,51.432249397262524,1007.9187229011852,44.4813776591015
1772058899.7005038,216,62,10,0,0,0,24.5841015625,200445,51.40681055505627,1007.9162821600438,44.50178550462085
1772058900.7111735,210,60,8,0,0,0,24.5907421875,200677,51.38829458210304,1007.9156897048117,44.506739225186585
1772058901.7219503,210,60,8,0,0,0,24.5919140625,201494,51.36906639777401,1007.9212064564606,44.46061187149119
1772058902.7327225,210,60,8,0,0,0,24.5926953125,201728,51.34332992681581,1007.9205962318438,44.46571414780417
1772058903.7438805,210,62,10,0,0,0,24.5977734375,200098,51.31815742427656,1007.9120352767226,44.53729519882933
1772058904.7559533,210,62,10,0,0,0,24.6087109375,199752,51.313125714900444,1007.9181935366114,44.48580384833193
1772058905.7679467,210,62,10,0,0,0,24.6223828125,200677,51.29553487600269,1007.9212963334369,44.45986038257266
1772058906.7803385,216,64,6,0,0,0,24.63625,200910,51.3167181180996,1007.9210295536067,44.46209101058234
1772058907.79228,216,64,6,0,0,0,24.647578125,201026,51.318196136081866,1007.920448570424,44.4669487908757
1772058908.8043394,216,64,6,0,0,0,24.6555859375,200677,51.31924104451194,1007.9183263479915,44.4846933690472
1772058909.8163376,210,66,6,0,0,0,24.660078125,201026,51.31336848686588,1007.912518435132,44.53325533429558
1772058910.8284845,210,66,6,0,0,0,24.66671875,200561,51.307776395737775,1007.9100856587531,44.553596685119494
1772058911.840554,210,66,6,0,0,0,24.6786328125,200910,51.29641418412225,1007.9177753820361,44.48930017595399
1772058912.852477,204,64,8,0,0,0,24.686640625,200213,51.291000823439106,1007.9138139011649,44.52242347575679
1772058913.8645048,204,64,8,0,0,0,24.696015625,200793,51.28576594565826,1007.9119998799847,44.53759116399025
1772058914.87869,204,64,8,0,0,0,24.7067578125,201377,51.280709549641465,1007.9196854948485,44.473329105491004
1772058915.8908784,186,58,8,0,0,0,24.71984375,201143,51.28241699144543,1007.9255385109046,44.42439029949526
1772058916.9029915,186,58,8,0,0,0,24.736640625,200213,51.29752593830598,1007.9317062408591,44.37282032610027
1772058917.9150963,186,58,8,0,0,0,24.75578125,200445,51.3064837790921,1007.9213345950209,44.45954046576881
1772058918.9271936,156,46,8,0,0,0,24.7751171875,199292,51.30900878564259,1007.9167822823782,44.497603812788086
1772058919.9393938,156,46,8,0,0,0,24.7930859375,199982,51.35011771788224,1007.915595389641,44.50752782676172
1772058920.9515984,156,46,8,0,0,0,24.8098828125,198835,51.34585212126276,1007.9162429660963,44.502113218533516
1772058921.9637802,144,44,10,0,0,0,24.8286328125,197926,51.361226072401095,1007.9236339805705,44.440314618139226
1772058922.9759953,144,44,10,0,0,0,24.8505078125,199522,51.351163243072385,1007.9359323345878,44.337485019118816
1772058923.987468,144,44,10,0,0,0,24.872578125,199522,51.3669735784813,1007.9283122276908,44.40119850982285
1772058924.9995418,144,42,12,0,0,0,24.894453125,199522,51.37629815493874,1007.9203826615561,44.4674998754735
1772058926.0116267,144,42,12,0,0,0,24.915546875,199063,51.38552188127081,1007.9149007489302,44.513335958459486
1772058927.0238342,144,42,12,0,0,0,24.935859375,198493,51.388181039334555,1007.9081895349534,44.56945091110393
1772058928.035519,138,40,10,0,0,0,24.95734375,199292,51.37160387592041,1007.9125103076923,44.53332329078559
1772058929.0476792,138,40,10,0,0,0,24.9782421875,197588,51.38080358754513,1007.9122314540618,44.53565488801206
1772058930.0598078,138,40,10,0,0,0,24.999140625,199292,51.383540660106085,1007.9101117277501,44.55337871229838
1772058931.071993,132,36,12,0,0,0,25.0221875,199407,51.38009574232662,1007.9076857244321,44.573663470197005
1772058932.0840595,132,36,12,0,0,0,25.0458203125,198153,51.36380038719433,1007.9006601578516,44.63240718961783
1772058933.0955853,132,36,12,0,0,0,25.06828125,197813,51.37320693120472,1007.9101824306599,44.55278753834566
1772058934.107693,126,34,10,0,0,0,25.0895703125,198153,51.37599688692578,1007.9031497989969,44.61159021412197
1772058935.1202614,126,34,10,0,0,0,25.1094921875,198039,51.37214374143394,1007.8994856594202,44.64222769772319
1772058936.1323855,126,34,10,0,0,0,25.1278515625,197363,51.36808600863081,1007.8952055295123,44.678015861786534
1772058937.1445038,120,30,10,0,0,0,25.14484375,197588,51.357384998773945,1007.8942950426685,44.685628883165855
1772058938.156626,120,30,10,0,0,0,25.1606640625,197813,51.34653079725361,1007.8970614261201,44.662497828831974
1772058939.1687078,120,30,10,0,0,0,25.176484375,196579,51.34860472764932,1007.8943086217564,44.6855153417923
1772058940.1808007,126,32,10,0,0,0,25.1923046875,197926,51.34421482187514,1007.8989123419203,44.647021465820025
1772058941.1927774,126,32,10,0,0,0,25.2036328125,198153,51.30045632854252,1007.8946232757397,44.682884366877566
1772058942.204876,126,32,10,0,0,0,25.2096875,199522,51.23663420109214,1007.902289190393,44.61878613330968
1772058943.2169535,126,28,6,0,0,0,25.21828125,198835,51.14733411050187,1007.9010645842205,44.629025601517704
1772058944.2281597,126,28,6,0,0,0,25.234296875,199752,51.07840886515364,1007.898614160236,44.64951469923068
1772058945.240134,126,28,6,0,0,0,25.2524609375,198493,51.035600326323255,1007.8995351493435,44.641813890092656
1772058946.2519135,138,32,8,0,0,0,25.2688671875,198949,51.00547581381823,1007.8976953048632,44.65719767291481
1772058947.2640743,138,32,8,0,0,0,25.284296875,199178,50.975227803639044,1007.8980006067566,44.654644902304156
1772058948.2761874,138,32,8,0,0,0,25.297578125,198721,50.95115457358033,1007.8967721290901,44.66491677717606
1772058949.28836,132,32,8,0,0,0,25.3083203125,199407,50.95255592388884,1007.893397006901,44.693137800518144
1772058950.3003268,132,32,8,0,0,0,25.314375,198949,50.921092021336506,1007.8937021384204,44.690586445670164
1772058951.312435,132,32,8,0,0,0,25.3235546875,198949,50.857797327814495,1007.8915530998382,44.708555628504556
1772058952.3243937,138,32,8,2,0,0,25.3282421875,199982,50.81972349737703,1007.8841922943087,44.77010322784294
1772058953.3358886,138,32,8,2,0,0,25.338984375,199522,50.75022036246455,1007.8955342210403,44.67526751413131
1772058954.3479884,138,32,8,2,0,0,25.3520703125,199522,50.70037360968986,1007.8958356651659,44.67274699572447
1772058955.359963,132,30,6,2,0,0,25.3637890625,199867,50.69545442330103,1007.9013501548422,44.626637819658505
1772058956.3718464,132,30,6,2,0,0,25.374140625,199178,50.67103088574968,1007.8991984191747,44.644629443641826
1772058957.383887,132,30,6,2,0,0,25.3817578125,199522,50.65913740127012,1007.9019543000794,44.62158629679979
1772058958.3957798,144,36,6,2,0,0,25.389765625,199867,50.64085419042506,1007.9053230943559,44.59341837775266
1772058959.4065936,144,36,6,2,0,0,25.39640625,198721,50.63527608204823,1007.9028657690296,44.6139651104551
1772058960.4173634,144,36,6,2,0,0,25.403828125,199407,50.61691866111214,1007.8979542925797,44.65503215656174
1772058961.4281206,132,34,4,2,0,0,25.410859375,199637,50.624272452014694,1007.8961095058316,44.670457283569476
