timestamp,cps,cps_err,usv_hr
1776898169.611353,9.0,2.1213203435596424,0.112806
1776898171.6175292,5.0,1.5811388300841898,0.06267
1776898173.6470432,5.5,1.6583123951777,0.068937
1776898175.7007623,7.5,1.9364916731037085,0.094005
1776898177.6986973,7.0,1.8708286933869707,0.087738
1776898179.6892378,4.5,1.5,0.056403
1776898181.7541437,5.5,1.6583123951777,0.068937
1776898183.7274137,6.5,1.8027756377319946,0.081471
1776898185.7455537,6.0,1.7320508075688772,0.075204
1776898187.7743332,5.5,1.6583123951777,0.068937
1776898189.814855,6.5,1.8027756377319946,0.081471
1776898191.8398557,5.0,1.5811388300841898,0.06267
1776898193.8677292,6.5,1.8027756377319946,0.081471
1776898195.8711534,6.0,1.7320508075688772,0.075204
1776898197.870373,7.5,1.9364916731037085,0.094005
1776898199.916592,3.5,1.3228756555322954,0.043869
1776898201.938593,11.0,2.345207879911715,0.137874
1776898203.9691591,7.0,1.8708286933869707,0.087738
1776898205.9612465,5.5,1.6583123951777,0.068937
1776898207.9994447,7.0,1.8708286933869707,0.087738
1776898210.032725,4.0,1.4142135623730951,0.050136
1776898212.067088,7.0,1.8708286933869707,0.087738
1776898214.0449963,6.0,1.7320508075688772,0.075204
1776898216.0854964,8.0,2.0,0.100272
1776898218.0765576,8.5,2.0615528128088303,0.106539
1776898220.10111,4.0,1.4142135623730951,0.050136
1776898222.1319785,4.5,1.5,0.056403
1776898224.1523297,6.5,1.8027756377319946,0.081471
1776898226.1356106,6.0,1.7320508075688772,0.075204
1776898228.199991,4.5,1.5,0.056403
1776898230.1679056,7.5,1.9364916731037085,0.094005
1776898232.2652109,4.5,1.5,0.056403
1776898234.2331367,7.0,1.8708286933869707,0.087738
1776898236.2389019,4.0,1.4142135623730951,0.050136
1776898238.255347,6.5,1.8027756377319946,0.081471
1776898240.2895455,4.5,1.5,0.056403
1776898242.344217,6.0,1.7320508075688772,0.075204
1776898244.328918,8.0,2.0,0.100272
1776898246.3680985,5.5,1.6583123951777,0.068937
1776898248.368322,4.0,1.4142135623730951,0.050136
1776898250.3729405,7.0,1.8708286933869707,0.087738
1776898252.3995066,7.0,1.8708286933869707,0.087738
1776898254.4357154,9.0,2.1213203435596424,0.112806
1776898256.4326522,5.5,1.6583123951777,0.068937
1776898258.4493334,7.0,1.8708286933869707,0.087738
1776898260.4659548,7.0,1.8708286933869707,0.087738
1776898262.5073106,7.0,1.8708286933869707,0.087738
1776898264.5077684,6.5,1.8027756377319946,0.081471
1776898266.5366924,7.0,1.8708286933869707,0.087738
1776898268.5907676,7.0,1.8708286933869707,0.087738
1776898270.5837166,7.0,1.8708286933869707,0.087738
1776898272.5886014,3.0,1.224744871391589,0.037602
1776898274.6089737,4.0,1.4142135623730951,0.050136
1776898276.6312075,5.0,1.5811388300841898,0.06267
1776898278.6833963,5.0,1.5811388300841898,0.06267
1776898280.6557982,6.0,1.7320508075688772,0.075204
1776898282.7159605,5.0,1.5811388300841898,0.06267
1776898284.727408,5.0,1.5811388300841898,0.06267
1776898286.748727,6.5,1.8027756377319946,0.081471
1776898288.759101,6.5,1.8027756377319946,0.081471
1776898290.7880676,5.0,1.5811388300841898,0.06267
1776898292.7904067,5.5,1.6583123951777,0.068937
1776898294.8229673,8.5,2.0615528128088303,0.106539
1776898296.8169167,6.5,1.8027756377319946,0.081471
1776898298.8354769,1.5,0.8660254037844386,0.018801
1776898300.879478,6.5,1.8027756377319946,0.081471
1776898302.9101832,7.0,1.8708286933869707,0.087738
1776898304.8922815,3.5,1.3228756555322954,0.043869
1776898306.9278796,5.5,1.6583123951777,0.068937
1776898308.9483173,4.5,1.5,0.056403
1776898310.9746025,2.5,1.118033988749895,0.031335
1776898312.9722035,7.0,1.8708286933869707,0.087738
1776898315.0270169,3.0,1.224744871391589,0.037602
1776898317.0096169,9.0,2.1213203435596424,0.112806
1776898319.07284,6.0,1.7320508075688772,0.075204
1776898321.087287,7.5,1.9364916731037085,0.094005
1776898323.097332,5.5,1.6583123951777,0.068937
1776898325.1216342,6.0,1.7320508075688772,0.075204
1776898327.1458595,5.0,1.5811388300841898,0.06267
1776898329.1560328,2.5,1.118033988749895,0.031335
1776898331.1690805,4.5,1.5,0.056403
1776898333.1892025,6.5,1.8027756377319946,0.081471
1776898335.1736321,7.0,1.8708286933869707,0.087738
1776898337.255272,6.5,1.8027756377319946,0.081471
1776898339.2522695,5.0,1.5811388300841898,0.06267
1776898341.2796164,5.0,1.5811388300841898,0.06267
1776898343.2889624,4.0,1.4142135623730951,0.050136
1776898345.2832174,9.5,2.179449471770337,0.119073
1776898347.3337522,6.5,1.8027756377319946,0.081471
1776898349.3200176,9.5,2.179449471770337,0.119073
1776898351.374068,10.0,2.23606797749979,0.12534
1776898353.382257,6.0,1.7320508075688772,0.075204
1776898355.386623,7.0,1.8708286933869707,0.087738
1776898357.3944716,3.0,1.224744871391589,0.037602
1776898359.4291422,7.0,1.8708286933869707,0.087738
1776898361.449265,4.5,1.5,0.056403
1776898363.4919956,6.0,1.7320508075688772,0.075204
1776898365.496639,10.0,2.23606797749979,0.12534
1776898367.4810188,6.0,1.7320508075688772,0.075204
1776898369.503025,5.5,1.6583123951777,0.068937
1776898371.5266085,4.0,1.4142135623730951,0.050136
1776898373.583838,4.0,1.4142135623730951,0.050136
1776898375.59862,5.5,1.6583123951777,0.068937
1776898377.617971,6.5,1.8027756377319946,0.081471
1776898379.627337,7.0,1.8708286933869707,0.087738
1776898381.6196666,5.0,1.5811388300841898,0.06267
1776898383.6699185,6.0,1.7320508075688772,0.075204
1776898385.6884139,5.0,1.5811388300841898,0.06267
1776898387.7180266,8.5,2.0615528128088303,0.106539
1776898389.7151356,6.5,1.8027756377319946,0.081471
1776898391.715341,6.0,1.7320508075688772,0.075204
1776898393.765126,7.5,1.9364916731037085,0.094005
1776898395.7676432,4.5,1.5,0.056403
1776898397.7711685,5.0,1.5811388300841898,0.06267
1776898399.7929847,6.5,1.8027756377319946,0.081471
1776898401.8191907,7.0,1.8708286933869707,0.087738
1776898403.8546503,10.0,2.23606797749979,0.12534
1776898405.8809292,6.5,1.8027756377319946,0.081471
1776898407.9000583,6.5,1.8027756377319946,0.081471
1776898409.9395106,10.0,2.23606797749979,0.12534
1776898411.917107,5.5,1.6583123951777,0.068937
1776898413.9442253,4.5,1.5,0.056403
1776898415.9787467,4.0,1.4142135623730951,0.050136
1776898417.9676712,7.0,1.8708286933869707,0.087738
1776898420.0049996,7.5,1.9364916731037085,0.094005
1776898422.0512776,6.5,1.8027756377319946,0.081471
1776898424.0355918,4.0,1.4142135623730951,0.050136
1776898426.0629342,7.0,1.8708286933869707,0.087738
1776898428.090984,8.5,2.0615528128088303,0.106539
1776898430.1296577,2.5,1.118033988749895,0.031335
1776898432.1381254,8.0,2.0,0.100272
1776898434.152496,4.0,1.4142135623730951,0.050136
1776898436.1904178,8.0,2.0,0.100272
1776898438.2172558,3.5,1.3228756555322954,0.043869
1776898440.1952705,7.5,1.9364916731037085,0.094005
1776898442.2549915,8.0,2.0,0.100272
1776898444.2411811,9.5,2.179449471770337,0.119073
1776898446.2906518,6.0,1.7320508075688772,0.075204
1776898448.3026977,8.0,2.0,0.100272
1776898450.3024573,6.0,1.7320508075688772,0.075204
1776898452.3096235,6.5,1.8027756377319946,0.081471
1776898454.339834,7.5,1.9364916731037085,0.094005
1776898456.3810859,6.5,1.8027756377319946,0.081471
1776898458.4100409,6.5,1.8027756377319946,0.081471
1776898460.414442,9.0,2.1213203435596424,0.112806
1776898462.4131234,7.0,1.8708286933869707,0.087738
1776898464.4537575,7.0,1.8708286933869707,0.087738
1776898466.4855266,6.5,1.8027756377319946,0.081471
1776898468.4927561,6.0,1.7320508075688772,0.075204
1776898470.523825,6.0,1.7320508075688772,0.075204
1776898472.4983642,5.5,1.6583123951777,0.068937
1776898474.5208967,7.0,1.8708286933869707,0.087738
1776898476.5526483,5.5,1.6583123951777,0.068937
1776898478.5704095,6.0,1.7320508075688772,0.075204
1776898480.5740383,4.5,1.5,0.056403
1776898482.615961,5.0,1.5811388300841898,0.06267
1776898484.648278,5.0,1.5811388300841898,0.06267
1776898486.630811,8.5,2.0615528128088303,0.106539
1776898488.6555192,10.0,2.23606797749979,0.12534
1776898490.6757178,4.5,1.5,0.056403
1776898492.7117136,9.0,2.1213203435596424,0.112806
1776898494.73425,6.0,1.7320508075688772,0.075204
1776898496.7585642,5.5,1.6583123951777,0.068937
1776898498.7786193,4.5,1.5,0.056403
1776898500.8063924,6.5,1.8027756377319946,0.081471
1776898502.8091922,8.0,2.0,0.100272
1776898504.8254142,7.0,1.8708286933869707,0.087738
1776898506.8532257,9.0,2.1213203435596424,0.112806
1776898508.8580625,8.0,2.0,0.100272
1776898510.8890288,5.5,1.6583123951777,0.068937
1776898512.9360008,8.0,2.0,0.100272
1776898514.9155424,4.5,1.5,0.056403
1776898516.928631,8.5,2.0615528128088303,0.106539
1776898518.9556944,7.0,1.8708286933869707,0.087738
1776898520.9808097,9.5,2.179449471770337,0.119073
1776898523.01982,8.0,2.0,0.100272
1776898525.0225627,8.0,2.0,0.100272
1776898527.0615826,9.5,2.179449471770337,0.119073
1776898529.053199,8.5,2.0615528128088303,0.106539
1776898531.0787923,9.0,2.1213203435596424,0.112806
1776898533.1010342,8.0,2.0,0.100272
1776898535.1036665,8.5,2.0615528128088303,0.106539
1776898537.1889954,6.0,1.7320508075688772,0.075204
1776898539.1720514,6.5,1.8027756377319946,0.081471
1776898541.1527865,14.5,2.692582403567252,0.181743
1776898543.217179,11.5,2.3979157616563596,0.144141
1776898545.1945086,12.5,2.5,0.156675
1776898547.2216134,6.0,1.7320508075688772,0.075204
1776898549.254486,7.5,1.9364916731037085,0.094005
1776898551.2718098,6.5,1.8027756377319946,0.081471
1776898553.3187423,6.0,1.7320508075688772,0.075204
1776898555.3489947,5.5,1.6583123951777,0.068937
1776898557.3349984,8.5,2.0615528128088303,0.106539
1776898559.3373818,9.0,2.1213203435596424,0.112806
1776898561.3684807,12.5,2.5,0.156675
1776898563.42876,7.5,1.9364916731037085,0.094005
1776898565.4235346,11.0,2.345207879911715,0.137874
1776898567.4509492,6.5,1.8027756377319946,0.081471
1776898569.4380333,10.5,2.29128784747792,0.131607
1776898571.4612424,10.5,2.29128784747792,0.131607
1776898573.4842718,10.0,2.23606797749979,0.12534
1776898575.4878924,7.5,1.9364916731037085,0.094005
1776898577.5163023,8.5,2.0615528128088303,0.106539
1776898579.545717,12.0,2.449489742783178,0.150408
1776898581.590738,5.5,1.6583123951777,0.068937
1776898583.580881,6.5,1.8027756377319946,0.081471
1776898585.6047602,10.5,2.29128784747792,0.131607
1776898587.6584368,10.5,2.29128784747792,0.131607
1776898589.6747396,15.5,2.7838821814150108,0.194277
1776898591.6895041,13.5,2.598076211353316,0.169209
1776898593.6860614,9.0,2.1213203435596424,0.112806
1776898595.7174063,12.0,2.449489742783178,0.150408
1776898597.7458923,8.5,2.0615528128088303,0.106539
1776898599.7670674,10.5,2.29128784747792,0.131607
1776898601.7565534,8.0,2.0,0.100272
1776898603.8054347,11.0,2.345207879911715,0.137874
1776898605.8191133,9.5,2.179449471770337,0.119073
1776898607.8249032,10.0,2.23606797749979,0.12534
1776898609.8580496,6.0,1.7320508075688772,0.075204
1776898611.8723981,10.0,2.23606797749979,0.12534
1776898613.865403,10.5,2.29128784747792,0.131607
1776898615.929009,7.5,1.9364916731037085,0.094005
1776898617.9336717,8.5,2.0615528128088303,0.106539
1776898619.9176927,9.0,2.1213203435596424,0.112806
1776898621.9739642,4.0,1.4142135623730951,0.050136
1776898623.97901,3.5,1.3228756555322954,0.043869
1776898626.0070522,8.5,2.0615528128088303,0.106539
1776898628.0441773,7.5,1.9364916731037085,0.094005
1776898630.051812,8.5,2.0615528128088303,0.106539
1776898632.0752354,3.0,1.224744871391589,0.037602
1776898634.0832138,2.5,1.118033988749895,0.031335
1776898636.066285,1.5,0.8660254037844386,0.018801
1776898638.107509,4.0,1.4142135623730951,0.050136
1776898640.1293085,1.0,0.7071067811865476,0.012534
1776898642.198076,3.5,1.3228756555322954,0.043869
1776898644.1869113,2.5,1.118033988749895,0.031335
1776898646.2079635,2.5,1.118033988749895,0.031335
1776898648.196191,1.0,0.7071067811865476,0.012534
1776898650.227206,4.0,1.4142135623730951,0.050136
1776898652.245049,3.5,1.3228756555322954,0.043869
1776898654.2643476,4.0,1.4142135623730951,0.050136
1776898656.2873743,3.5,1.3228756555322954,0.043869
1776898658.2825072,3.0,1.224744871391589,0.037602
1776898660.31711,1.5,0.8660254037844386,0.018801
1776898662.3505418,3.0,1.224744871391589,0.037602
1776898664.3949656,5.5,1.6583123951777,0.068937
1776898666.4063282,3.5,1.3228756555322954,0.043869
1776898668.4070194,2.5,1.118033988749895,0.031335
1776898670.433425,2.5,1.118033988749895,0.031335
1776898672.4265566,3.5,1.3228756555322954,0.043869
1776898674.4517076,3.0,1.224744871391589,0.037602
1776898676.4796727,3.0,1.224744871391589,0.037602
1776898678.4944682,7.0,1.8708286933869707,0.087738
1776898680.508506,5.0,1.5811388300841898,0.06267
1776898682.5478628,3.5,1.3228756555322954,0.043869
1776898684.5529652,4.5,1.5,0.056403
1776898686.5878222,2.5,1.118033988749895,0.031335
1776898688.5848737,4.5,1.5,0.056403
1776898690.6256454,3.5,1.3228756555322954,0.043869
1776898692.6322696,2.5,1.118033988749895,0.031335
1776898694.6628048,1.0,0.7071067811865476,0.012534
1776898696.683546,2.5,1.118033988749895,0.031335
1776898698.683202,2.0,1.0,0.025068
1776898700.7091403,3.0,1.224744871391589,0.037602
1776898702.7697434,4.5,1.5,0.056403
1776898704.743646,5.0,1.5811388300841898,0.06267
1776898706.809523,4.0,1.4142135623730951,0.050136
1776898708.7845252,3.5,1.3228756555322954,0.043869
1776898710.8343844,2.5,1.118033988749895,0.031335
1776898712.8228245,2.0,1.0,0.025068
1776898714.869616,3.0,1.224744871391589,0.037602
1776898716.8898077,4.0,1.4142135623730951,0.050136
1776898718.915654,4.5,1.5,0.056403
1776898720.8911817,1.5,0.8660254037844386,0.018801
1776898722.9436376,4.5,1.5,0.056403
1776898724.9823995,3.0,1.224744871391589,0.037602
1776898727.0031714,5.0,1.5811388300841898,0.06267
1776898729.0155604,3.5,1.3228756555322954,0.043869
1776898730.9870307,9.0,2.1213203435596424,0.112806
1776898733.0598085,5.5,1.6583123951777,0.068937
1776898735.0693562,6.0,1.7320508075688772,0.075204
1776898737.0986795,8.0,2.0,0.100272
1776898739.111927,7.5,1.9364916731037085,0.094005
1776898741.1101103,8.0,2.0,0.100272
1776898743.1386592,9.5,2.179449471770337,0.119073
1776898745.1348407,10.5,2.29128784747792,0.131607
1776898747.2019367,7.0,1.8708286933869707,0.087738
1776898749.1792345,10.5,2.29128784747792,0.131607
1776898751.2234197,5.5,1.6583123951777,0.068937
1776898753.2374632,8.5,2.0615528128088303,0.106539
1776898755.2519867,7.0,1.8708286933869707,0.087738
1776898757.2823896,7.0,1.8708286933869707,0.087738
1776898759.2715836,7.0,1.8708286933869707,0.087738
1776898761.2931373,8.5,2.0615528128088303,0.106539
1776898763.3253996,8.5,2.0615528128088303,0.106539
1776898765.344365,8.5,2.0615528128088303,0.106539
1776898767.360883,6.0,1.7320508075688772,0.075204
1776898769.3864884,8.5,2.0615528128088303,0.106539
1776898771.4289925,7.0,1.8708286933869707,0.087738
1776898773.4075356,7.0,1.8708286933869707,0.087738
1776898775.4365516,5.5,1.6583123951777,0.068937
1776898777.4419496,7.0,1.8708286933869707,0.087738
1776898779.4665813,5.0,1.5811388300841898,0.06267
1776898781.4824452,4.0,1.4142135623730951,0.050136
1776898783.5175614,5.0,1.5811388300841898,0.06267
1776898785.555659,4.5,1.5,0.056403
1776898787.5697925,8.0,2.0,0.100272
1776898789.6078444,7.0,1.8708286933869707,0.087738
1776898791.5942752,6.5,1.8027756377319946,0.081471
1776898793.626237,10.5,2.29128784747792,0.131607
1776898795.6394608,9.0,2.1213203435596424,0.112806
1776898797.6572058,11.0,2.345207879911715,0.137874
1776898799.6846516,6.0,1.7320508075688772,0.075204
1776898801.7079718,8.0,2.0,0.100272
1776898803.6960473,6.5,1.8027756377319946,0.081471
1776898805.7152815,8.0,2.0,0.100272
1776898807.7614872,8.0,2.0,0.100272
1776898809.7753143,5.0,1.5811388300841898,0.06267
1776898811.8076386,9.5,2.179449471770337,0.119073
1776898813.8072402,5.0,1.5811388300841898,0.06267
1776898815.8661184,10.0,2.23606797749979,0.12534
1776898817.8797274,9.0,2.1213203435596424,0.112806
1776898819.8640783,9.5,2.179449471770337,0.119073
1776898821.884294,5.0,1.5811388300841898,0.06267
1776898823.9098287,8.5,2.0615528128088303,0.106539
1776898825.9192085,4.5,1.5,0.056403
1776898827.9462924,6.5,1.8027756377319946,0.081471
1776898829.9496176,8.5,2.0615528128088303,0.106539
1776898831.9744716,7.5,1.9364916731037085,0.094005
1776898834.032728,5.0,1.5811388300841898,0.06267
1776898836.0096786,7.5,1.9364916731037085,0.094005
1776898838.061545,3.5,1.3228756555322954,0.043869
1776898840.0753655,5.0,1.5811388300841898,0.06267
1776898842.105719,5.5,1.6583123951777,0.068937
1776898844.1158788,6.0,1.7320508075688772,0.075204
1776898846.1323261,5.0,1.5811388300841898,0.06267
1776898848.1873403,6.0,1.7320508075688772,0.075204
1776898850.1500704,6.5,1.8027756377319946,0.081471
1776898852.2032351,6.0,1.7320508075688772,0.075204
1776898854.1847985,7.0,1.8708286933869707,0.087738
1776898856.2184014,6.5,1.8027756377319946,0.081471
1776898858.240718,8.5,2.0615528128088303,0.106539
1776898860.2754686,6.0,1.7320508075688772,0.075204
1776898862.267431,5.0,1.5811388300841898,0.06267
1776898864.3060153,6.0,1.7320508075688772,0.075204
1776898866.3149834,4.0,1.4142135623730951,0.050136
1776898868.3414905,4.5,1.5,0.056403
1776898870.3910997,8.0,2.0,0.100272
1776898872.3842597,4.0,1.4142135623730951,0.050136
1776898874.3970313,6.0,1.7320508075688772,0.075204
1776898876.4198096,6.0,1.7320508075688772,0.075204
1776898878.433749,5.0,1.5811388300841898,0.06267
1776898880.4400058,5.5,1.6583123951777,0.068937
1776898882.4530237,5.0,1.5811388300841898,0.06267
1776898884.5074804,3.5,1.3228756555322954,0.043869
1776898886.4948251,7.5,1.9364916731037085,0.094005
1776898888.5218773,5.0,1.5811388300841898,0.06267
1776898890.574176,4.0,1.4142135623730951,0.050136
1776898892.5974774,5.0,1.5811388300841898,0.06267
1776898894.6193535,5.0,1.5811388300841898,0.06267
1776898896.6355033,7.0,1.8708286933869707,0.087738
1776898898.651915,4.0,1.4142135623730951,0.050136
1776898900.6346655,6.0,1.7320508075688772,0.075204
1776898902.6603212,5.0,1.5811388300841898,0.06267
1776898904.673612,8.5,2.0615528128088303,0.106539
1776898906.6971793,5.0,1.5811388300841898,0.06267
1776898908.7420857,5.0,1.5811388300841898,0.06267
1776898910.746784,3.5,1.3228756555322954,0.043869
1776898912.751706,5.0,1.5811388300841898,0.06267
1776898914.821819,3.5,1.3228756555322954,0.043869
1776898916.792779,6.5,1.8027756377319946,0.081471
1776898918.8304107,4.5,1.5,0.056403
1776898920.8674169,4.5,1.5,0.056403
1776898922.864217,5.0,1.5811388300841898,0.06267
1776898924.8670957,6.0,1.7320508075688772,0.075204
1776898926.8998241,6.5,1.8027756377319946,0.081471
1776898928.904012,9.0,2.1213203435596424,0.112806
1776898930.9186532,5.5,1.6583123951777,0.068937
1776898932.9570732,5.5,1.6583123951777,0.068937
1776898934.9864666,5.5,1.6583123951777,0.068937
1776898937.0368853,4.5,1.5,0.056403
1776898939.0188408,5.5,1.6583123951777,0.068937
1776898941.0345929,4.5,1.5,0.056403
1776898943.0594816,8.0,2.0,0.100272
1776898945.072891,3.5,1.3228756555322954,0.043869
1776898947.1169775,7.0,1.8708286933869707,0.087738
1776898949.1089175,5.5,1.6583123951777,0.068937
1776898951.139147,6.5,1.8027756377319946,0.081471
1776898953.1780005,3.0,1.224744871391589,0.037602
1776898955.1860688,6.5,1.8027756377319946,0.081471
1776898957.2107239,8.0,2.0,0.100272
1776898959.2341409,7.5,1.9364916731037085,0.094005
1776898961.24871,7.0,1.8708286933869707,0.087738
1776898963.2399685,8.0,2.0,0.100272
1776898965.2567785,6.0,1.7320508075688772,0.075204
1776898967.279128,5.0,1.5811388300841898,0.06267
1776898969.3348372,7.0,1.8708286933869707,0.087738
1776898971.3205795,6.5,1.8027756377319946,0.081471
1776898973.3658938,6.0,1.7320508075688772,0.075204
1776898975.387097,6.0,1.7320508075688772,0.075204
1776898977.3785267,6.0,1.7320508075688772,0.075204
1776898979.4005704,4.5,1.5,0.056403
1776898981.4243212,5.0,1.5811388300841898,0.06267
1776898983.4556618,3.5,1.3228756555322954,0.043869
1776898985.4970245,6.0,1.7320508075688772,0.075204
1776898987.4694037,7.0,1.8708286933869707,0.087738
1776898989.485685,4.0,1.4142135623730951,0.050136
1776898991.5358548,6.0,1.7320508075688772,0.075204
1776898993.5352325,6.5,1.8027756377319946,0.081471
1776898995.5451694,4.5,1.5,0.056403
1776898997.5845582,5.0,1.5811388300841898,0.06267
1776898999.6133285,5.5,1.6583123951777,0.068937
1776899001.6603663,5.0,1.5811388300841898,0.06267
1776899003.6387444,5.0,1.5811388300841898,0.06267
1776899005.6722515,5.5,1.6583123951777,0.068937
1776899007.7072508,6.5,1.8027756377319946,0.081471
1776899009.7073143,11.0,2.345207879911715,0.137874
1776899011.7076182,4.5,1.5,0.056403
1776899013.7421043,7.0,1.8708286933869707,0.087738
1776899015.7681694,5.0,1.5811388300841898,0.06267
1776899017.7950115,7.5,1.9364916731037085,0.094005
1776899019.7999294,8.0,2.0,0.100272
1776899021.8269923,6.5,1.8027756377319946,0.081471
1776899023.833102,5.5,1.6583123951777,0.068937
1776899025.8582785,4.5,1.5,0.056403
1776899027.8655674,7.5,1.9364916731037085,0.094005
1776899029.8953545,5.5,1.6583123951777,0.068937
1776899031.92369,4.5,1.5,0.056403
1776899033.9384465,6.0,1.7320508075688772,0.075204
1776899035.9517927,7.0,1.8708286933869707,0.087738
1776899037.9699006,4.5,1.5,0.056403
1776899039.9961026,8.0,2.0,0.100272
1776899042.0014763,4.5,1.5,0.056403
1776899044.036124,6.5,1.8027756377319946,0.081471
1776899046.070689,4.0,1.4142135623730951,0.050136
1776899048.0877924,5.0,1.5811388300841898,0.06267
1776899050.1044896,4.5,1.5,0.056403
1776899052.1554842,8.5,2.0615528128088303,0.106539
1776899054.1513097,7.5,1.9364916731037085,0.094005
1776899056.1784909,7.5,1.9364916731037085,0.094005
1776899058.1722965,6.0,1.7320508075688772,0.075204
1776899060.1734598,3.5,1.3228756555322954,0.043869
1776899062.2030756,6.0,1.7320508075688772,0.075204
1776899064.2173812,6.0,1.7320508075688772,0.075204
1776899066.2284698,3.0,1.224744871391589,0.037602
1776899068.2664707,4.0,1.4142135623730951,0.050136
1776899070.2830253,7.0,1.8708286933869707,0.087738
1776899072.3170056,9.0,2.1213203435596424,0.112806
1776899074.309971,8.0,2.0,0.100272
1776899076.3210058,8.0,2.0,0.100272
1776899078.3481085,6.0,1.7320508075688772,0.075204
1776899080.3818498,7.5,1.9364916731037085,0.094005
1776899082.4087667,8.5,2.0615528128088303,0.106539
1776899084.4241154,8.0,2.0,0.100272
1776899086.465804,8.0,2.0,0.100272
1776899088.4836318,3.0,1.224744871391589,0.037602
1776899090.5025957,3.5,1.3228756555322954,0.043869
1776899092.497903,6.5,1.8027756377319946,0.081471
1776899094.5111175,9.5,2.179449471770337,0.119073
1776899096.53335,6.5,1.8027756377319946,0.081471
1776899098.5778751,7.5,1.9364916731037085,0.094005
1776899100.5961075,9.5,2.179449471770337,0.119073
1776899102.5714211,4.5,1.5,0.056403
1776899104.6340163,7.0,1.8708286933869707,0.087738
1776899106.6499414,6.5,1.8027756377319946,0.081471
1776899108.6355557,9.0,2.1213203435596424,0.112806
1776899110.6502774,6.0,1.7320508075688772,0.075204
1776899112.7278352,4.5,1.5,0.056403
1776899114.7242992,3.5,1.3228756555322954,0.043869
1776899116.75711,4.0,1.4142135623730951,0.050136
1776899118.730763,5.5,1.6583123951777,0.068937
1776899120.7533758,5.0,1.5811388300841898,0.06267
1776899122.7694774,8.0,2.0,0.100272
1776899124.8045957,4.5,1.5,0.056403
1776899126.8202987,5.5,1.6583123951777,0.068937
1776899128.851277,3.5,1.3228756555322954,0.043869
1776899130.8868694,6.0,1.7320508075688772,0.075204
1776899132.909146,4.0,1.4142135623730951,0.050136
1776899134.9226167,6.5,1.8027756377319946,0.081471
1776899136.912251,5.0,1.5811388300841898,0.06267
1776899138.9410481,4.0,1.4142135623730951,0.050136
1776899140.9608998,7.5,1.9364916731037085,0.094005
1776899143.0069923,4.5,1.5,0.056403
1776899145.0181842,9.5,2.179449471770337,0.119073
1776899147.0366986,7.5,1.9364916731037085,0.094005
1776899149.0300667,9.0,2.1213203435596424,0.112806
1776899151.0425475,9.0,2.1213203435596424,0.112806
1776899153.0695467,10.0,2.23606797749979,0.12534
1776899155.1128995,6.5,1.8027756377319946,0.081471
1776899157.1337786,9.0,2.1213203435596424,0.112806
1776899159.1539955,6.5,1.8027756377319946,0.081471
1776899161.151087,12.5,2.5,0.156675
1776899163.1698034,11.0,2.345207879911715,0.137874
1776899165.1840065,12.5,2.5,0.156675
1776899167.2280233,4.5,1.5,0.056403
1776899169.245819,11.5,2.3979157616563596,0.144141
1776899171.259263,8.0,2.0,0.100272
1776899173.2935429,12.5,2.5,0.156675
1776899175.2714689,5.5,1.6583123951777,0.068937
1776899177.3116753,13.0,2.5495097567963922,0.162942
1776899179.324983,11.0,2.345207879911715,0.137874
1776899181.3426113,5.5,1.6583123951777,0.068937
1776899183.375246,11.0,2.345207879911715,0.137874
1776899185.3983064,11.0,2.345207879911715,0.137874
1776899187.402791,13.5,2.598076211353316,0.169209
1776899189.4131358,9.0,2.1213203435596424,0.112806
1776899191.4245908,12.0,2.449489742783178,0.150408
1776899193.4511213,7.5,1.9364916731037085,0.094005
1776899195.5006433,9.0,2.1213203435596424,0.112806
1776899197.4790738,10.0,2.23606797749979,0.12534
1776899199.4944377,11.5,2.3979157616563596,0.144141
1776899201.554092,11.0,2.345207879911715,0.137874
1776899203.5771234,7.0,1.8708286933869707,0.087738
1776899205.55631,9.0,2.1213203435596424,0.112806
1776899207.606838,8.5,2.0615528128088303,0.106539
1776899209.6262658,9.5,2.179449471770337,0.119073
1776899211.637161,5.5,1.6583123951777,0.068937
1776899213.672247,8.5,2.0615528128088303,0.106539
1776899215.6855972,7.5,1.9364916731037085,0.094005
1776899217.7069428,6.5,1.8027756377319946,0.081471
1776899219.7253528,7.0,1.8708286933869707,0.087738
1776899221.7440784,8.5,2.0615528128088303,0.106539
1776899223.7757788,8.5,2.0615528128088303,0.106539
1776899225.7940469,5.5,1.6583123951777,0.068937
1776899227.8122537,7.0,1.8708286933869707,0.087738
1776899229.8066137,10.5,2.29128784747792,0.131607
1776899231.8192325,7.5,1.9364916731037085,0.094005
1776899233.8451793,9.5,2.179449471770337,0.119073
1776899235.8729138,10.0,2.23606797749979,0.12534
1776899237.8959155,7.0,1.8708286933869707,0.087738
1776899239.9120026,6.5,1.8027756377319946,0.081471
1776899241.9532065,6.0,1.7320508075688772,0.075204
1776899243.9349744,7.5,1.9364916731037085,0.094005
1776899245.9528937,6.5,1.8027756377319946,0.081471
1776899247.9927619,5.5,1.6583123951777,0.068937
1776899250.0091534,6.5,1.8027756377319946,0.081471
1776899252.0376096,7.0,1.8708286933869707,0.087738
1776899254.057764,6.5,1.8027756377319946,0.081471
1776899256.0666938,3.5,1.3228756555322954,0.043869
1776899258.097132,9.5,2.179449471770337,0.119073
1776899260.1080165,6.5,1.8027756377319946,0.081471
1776899262.1319375,11.5,2.3979157616563596,0.144141
1776899264.118519,5.0,1.5811388300841898,0.06267
1776899266.1824694,8.0,2.0,0.100272
1776899268.1539483,7.5,1.9364916731037085,0.094005
1776899270.1989143,4.0,1.4142135623730951,0.050136
1776899272.2185922,6.5,1.8027756377319946,0.081471
1776899274.2308834,6.5,1.8027756377319946,0.081471
1776899276.2744114,5.0,1.5811388300841898,0.06267
1776899278.2510707,6.5,1.8027756377319946,0.081471
1776899280.3133976,3.0,1.224744871391589,0.037602
1776899282.297679,5.5,1.6583123951777,0.068937
1776899284.3093617,3.0,1.224744871391589,0.037602
1776899286.346097,7.0,1.8708286933869707,0.087738
1776899288.352562,7.5,1.9364916731037085,0.094005
1776899290.3681889,6.5,1.8027756377319946,0.081471
1776899292.3930588,3.0,1.224744871391589,0.037602
1776899294.4149513,5.0,1.5811388300841898,0.06267
1776899296.4304867,6.0,1.7320508075688772,0.075204
1776899298.47031,7.0,1.8708286933869707,0.087738
1776899300.4830585,4.5,1.5,0.056403
1776899302.5024083,5.5,1.6583123951777,0.068937
1776899304.5264935,5.5,1.6583123951777,0.068937
1776899306.5631137,9.0,2.1213203435596424,0.112806
1776899308.5808406,7.5,1.9364916731037085,0.094005
1776899310.571933,10.0,2.23606797749979,0.12534
1776899312.5970914,10.0,2.23606797749979,0.12534
1776899314.611012,10.5,2.29128784747792,0.131607
1776899316.6478689,10.0,2.23606797749979,0.12534
1776899318.6865406,12.5,2.5,0.156675
1776899320.7018814,12.0,2.449489742783178,0.150408
1776899322.7011328,8.5,2.0615528128088303,0.106539
1776899324.725224,8.5,2.0615528128088303,0.106539
1776899326.7453105,7.0,1.8708286933869707,0.087738
1776899328.733739,10.0,2.23606797749979,0.12534
1776899330.7561533,8.5,2.0615528128088303,0.106539
1776899332.844863,5.0,1.5811388300841898,0.06267
1776899334.8231685,8.0,2.0,0.100272
1776899336.8351953,7.5,1.9364916731037085,0.094005
1776899338.876142,9.5,2.179449471770337,0.119073
1776899340.8903077,14.0,2.6457513110645907,0.175476
1776899342.8886132,9.5,2.179449471770337,0.119073
1776899344.92057,9.5,2.179449471770337,0.119073
1776899346.9400697,11.5,2.3979157616563596,0.144141
1776899348.9782188,8.5,2.0615528128088303,0.106539
1776899350.9919105,10.5,2.29128784747792,0.131607
1776899353.02241,8.5,2.0615528128088303,0.106539
1776899354.9923496,10.5,2.29128784747792,0.131607
1776899357.065362,9.5,2.179449471770337,0.119073
1776899359.0366108,9.0,2.1213203435596424,0.112806
1776899361.06936,10.0,2.23606797749979,0.12534
1776899363.1065438,8.0,2.0,0.100272
1776899365.1238055,6.5,1.8027756377319946,0.081471
1776899367.1605425,11.0,2.345207879911715,0.137874
1776899369.1493628,11.0,2.345207879911715,0.137874
1776899371.1872542,4.5,1.5,0.056403
1776899373.1697466,12.0,2.449489742783178,0.150408
1776899375.188247,6.5,1.8027756377319946,0.081471
1776899377.2471159,9.0,2.1213203435596424,0.112806
1776899379.2624443,10.0,2.23606797749979,0.12534
1776899381.2745156,6.5,1.8027756377319946,0.081471
1776899383.3052754,6.0,1.7320508075688772,0.075204
1776899385.32212,7.5,1.9364916731037085,0.094005
1776899387.3652859,7.5,1.9364916731037085,0.094005
1776899389.349566,6.5,1.8027756377319946,0.081471
1776899391.375187,7.0,1.8708286933869707,0.087738
1776899393.4164975,8.0,2.0,0.100272
1776899395.3881114,5.5,1.6583123951777,0.068937
1776899397.4548028,6.0,1.7320508075688772,0.075204
1776899399.434397,4.5,1.5,0.056403
1776899401.4607108,6.0,1.7320508075688772,0.075204
1776899403.4784677,11.5,2.3979157616563596,0.144141
1776899405.5258324,10.5,2.29128784747792,0.131607
1776899407.5293965,9.0,2.1213203435596424,0.112806
1776899409.5435815,4.0,1.4142135623730951,0.050136
1776899411.5696778,6.5,1.8027756377319946,0.081471
1776899413.590517,4.0,1.4142135623730951,0.050136
1776899415.6181624,5.0,1.5811388300841898,0.06267
1776899417.6397252,6.5,1.8027756377319946,0.081471
1776899419.6594245,7.5,1.9364916731037085,0.094005
1776899421.6953723,6.5,1.8027756377319946,0.081471
1776899423.6723812,7.0,1.8708286933869707,0.087738
1776899425.6972466,5.0,1.5811388300841898,0.06267
